feed_id,agency,country,n_bus_trips,n_travel_times,n_distinct_travel_times,median_travel_time_s,temporal_resolution_s,share_travel_times_whole_minute,share_stop_times_whole_minute,timepoint_status,approximate_share,share_timepoints_whole_minute,share_approx_whole_minute,interpolation_basis,n_approx_testable,share_approx_on_line,n_timepoints_testable,share_timepoints_on_line,n_control_modes,has_control_baseline,bus_peak_to_peak_s,segregated_peak_to_peak_s,bus_exceeds_own_control
jbda-aichi-miyoshicity-sansanbus,みよし市,JP,92,2831,10,60.0,60.0,1.0,1.0,not_declared,,,,,0,,0,,0,False,,,
jbda-akashicity-tacobustacobusmini,明石市,JP,229,4262,9,60.0,60.0,1.0,1.0,not_declared,,,,,0,,0,,0,False,0.0,,
jbda-anjocity-AnkuruBus,安城市,JP,126,2758,10,60.0,60.0,1.0,1.0,not_declared,,,,,0,,0,,0,False,,,
jbda-annakacity-annakashi-rosenbus,安中市,JP,58,1912,5,60.0,60.0,1.0,1.0,not_declared,,,,,0,,0,,0,False,,,
jbda-aoi-komaki-aoikotsu,あおい交通,JP,147,1948,13,120.0,60.0,1.0,1.0,not_declared,,,,,0,,0,,0,False,12.976744186046512,,
jbda-ashiyatown-AshiyaTownBus,芦屋町,JP,67,925,4,60.0,60.0,1.0,1.0,not_declared,,,,,0,,0,,0,False,5.454545454545454,,
jbda-awajicity-awajinawahimebus,淡路市,JP,67,3035,12,60.0,60.0,1.0,1.0,not_declared,,,,,0,,0,,0,False,,,
jbda-buzencity-BuzenCityBus,豊前市,JP,63,1886,4,60.0,60.0,1.0,1.0,not_declared,,,,,0,,0,,0,False,0.0,,
jbda-chigasakicity-eboshigou,茅ヶ崎市,JP,61,2023,8,60.0,60.0,1.0,1.0,not_declared,,,,,0,,0,,0,False,,,
jbda-chikuma-bus-rosenbus,千曲バス株式会社,JP,99,3979,9,60.0,60.0,1.0,1.0,not_declared,,,,,0,,0,,0,False,,,
jbda-chikumacity-chikumajunkanbus,千曲市,JP,62,1954,8,60.0,60.0,1.0,1.0,not_declared,,,,,0,,0,,0,False,,,
jbda-chiryucity-communitybus,知立市,JP,50,1381,10,60.0,60.0,1.0,1.0,not_declared,,,,,0,,0,,0,False,0.0,,
jbda-chitabus-chitabus,知多乗合（知多バス）,JP,258,3841,19,60.0,60.0,1.0,1.0,not_declared,,,,,0,,0,,0,False,5.084745762711864,,
jbda-chitetsu-chitetsubus,富山地方鉄道,JP,851,18512,26,60.0,60.0,1.0,1.0,not_declared,,,,,0,,0,,0,False,,,
jbda-chukibus-chukibus,中紀バス,JP,50,713,8,60.0,60.0,1.0,1.0,not_declared,,,,,0,,0,,0,False,,,
jbda-daishinto-Radiant-City,大新東株式会社,JP,208,861,5,60.0,60.0,1.0,1.0,not_declared,,,,,0,,0,,0,False,7.5,,
jbda-enacity-communitybus,恵那市,JP,167,3098,8,60.0,60.0,1.0,1.0,not_declared,,,,,0,,0,,0,False,,,
jbda-fujiedacity-gtfsfjed,藤枝市,JP,95,1675,11,60.0,60.0,1.0,1.0,not_declared,,,,,0,,0,,0,False,,,
jbda-gifucity-communitybus,岐阜市,JP,196,5636,8,60.0,60.0,1.0,1.0,not_declared,,,,,0,,0,,0,False,,,
jbda-gujocity-citybus,郡上市,JP,69,1558,12,60.0,60.0,1.0,1.0,not_declared,,,,,0,,0,,0,False,,,
jbda-gunma-otacity-ootacitybus,太田市,JP,97,1536,11,120.0,60.0,1.0,1.0,not_declared,,,,,0,,0,,0,False,,,
jbda-hachinohe-hachinohe-citybus,八戸市交通部,JP,778,20360,6,60.0,60.0,1.0,1.0,not_declared,,,,,0,,0,,0,False,4.879482657260436,,
jbda-hakubavalley-bus-hakubavalley-nagano-jp,HAKUBAVALLEY事務局,JP,70,535,13,420.0,60.0,1.0,1.0,not_declared,,,,,0,,0,,0,False,0.0,,
jbda-hakusancity-hakusan_bus_meguru,白山市,JP,124,2308,15,60.0,60.0,1.0,1.0,not_declared,,,,,0,,0,,0,False,,,
jbda-hashimacity-HashimaCityCommunityBus,羽島市,JP,74,1154,6,120.0,60.0,1.0,1.0,not_declared,,,,,0,,0,,0,False,0.0,,
jbda-hidacity-communitybus,飛騨市,JP,89,1813,14,120.0,60.0,1.0,1.0,not_declared,,,,,0,,0,,0,False,,,
jbda-higashiomicity-higasiohmisicommunitybus,東近江市,JP,107,2592,10,60.0,60.0,1.0,1.0,not_declared,,,,,0,,0,,0,False,,,
jbda-higashiuratown-communitybus,東浦町,JP,75,1448,14,60.0,60.0,1.0,1.0,not_declared,,,,,0,,0,,0,False,,,
jbda-himejicity-ieshima-boze-yukihiko,姫路市,JP,55,785,10,60.0,60.0,1.0,1.0,not_declared,,,,,0,,0,,0,False,,,
jbda-hiranaitown-hiranaitownbus,平内町,JP,51,1236,8,60.0,60.0,1.0,1.0,not_declared,,,,,0,,0,,0,False,,,
jbda-hirosakicity-hokusei-noriai,弘前市,JP,82,977,7,60.0,60.0,1.0,1.0,not_declared,,,,,0,,0,,0,False,,,
jbda-hisayamatown-HisayamaIkoBus,久山町,JP,86,1668,9,60.0,60.0,1.0,1.0,not_declared,,,,,0,,0,,0,False,0.0,,
jbda-hokushin-bus-hokushinbus,北振バス株式会社,JP,73,1787,6,60.0,60.0,1.0,1.0,not_declared,,,,,0,,0,,0,False,,,
jbda-hyogo-kamikawatown-communitybus,神河町,JP,74,1596,7,60.0,60.0,1.0,1.0,not_declared,,,,,0,,0,,0,False,,,
jbda-hyogo-ono-ranranbus,小野市,JP,69,1267,7,120.0,60.0,1.0,1.0,not_declared,,,,,0,,0,,0,False,0.0,,
jbda-ibigawatown-communitybus,揖斐川町,JP,72,961,10,60.0,60.0,1.0,1.0,not_declared,,,,,0,,0,,0,False,0.0,,
jbda-ichinosekicity-Ichinosekibus,一関市,JP,153,4211,10,60.0,60.0,1.0,1.0,not_declared,,,,,0,,0,,0,False,0.0,,
jbda-igacity-communitybus,伊賀市,JP,100,2469,9,60.0,60.0,1.0,1.0,not_declared,,,,,0,,0,,0,False,,,
jbda-imizucity-imizushi,射水市,JP,66,1628,13,60.0,60.0,1.0,1.0,not_declared,,,,,0,,0,,0,False,,,
jbda-inabecity-fukushibus,いなべ市,JP,115,2524,10,60.0,60.0,1.0,1.0,not_declared,,,,,0,,0,,0,False,,,
jbda-inzaicity-rosenbus,印西市,JP,75,1266,8,120.0,60.0,1.0,1.0,not_declared,,,,,0,,0,,0,False,6.041666666666667,,
jbda-isecity-communitybus,伊勢市,JP,50,1732,10,120.0,60.0,1.0,1.0,not_declared,,,,,0,,0,,0,False,,,
jbda-itoigawabus-itoigawabus,糸魚川バス株式会社,JP,146,3926,7,60.0,60.0,1.0,1.0,not_declared,,,,,0,,0,,0,False,,,
jbda-kaetsunou-kaetsunouippan,加越能バス,JP,283,7870,14,60.0,60.0,1.0,1.0,not_declared,,,,,0,,0,,0,False,,,
jbda-kagoshimacity-aibus,鹿児島市,JP,175,6202,10,60.0,60.0,1.0,1.0,not_declared,,,,,0,,0,,0,False,,,
jbda-kaizucity-communitybus,海津市,JP,90,871,10,120.0,60.0,1.0,1.0,not_declared,,,,,0,,0,,0,False,,,
jbda-kakogawacity-kakobuskakobusmini,加古川市,JP,284,5351,10,60.0,60.0,1.0,1.0,not_declared,,,,,0,,0,,0,False,2.1818181818181817,,
jbda-kamacity-KamaCityBus,嘉麻市,JP,109,3462,6,60.0,60.0,1.0,1.0,not_declared,,,,,0,,0,,0,False,,,
jbda-kameyamacity-communitybus,亀山市,JP,68,1457,5,60.0,60.0,1.0,1.0,not_declared,,,,,0,,0,,0,False,,,
jbda-kamicity-GTFS-Kamicity_Bus,香美市,JP,82,1621,7,60.0,60.0,1.0,1.0,not_declared,,,,,0,,0,,0,False,,,
jbda-kamigoritown-ainorigo,上郡町,JP,65,830,5,60.0,60.0,1.0,1.0,not_declared,,,,,0,,0,,0,False,,,
jbda-kamocity-kamonbus,加茂市,JP,50,1315,8,60.0,60.0,1.0,1.0,not_declared,,,,,0,,0,,0,False,,,
jbda-kariyacity-communitybus,刈谷市,JP,146,3282,13,120.0,60.0,1.0,1.0,not_declared,,,,,0,,0,,0,False,,,
jbda-kasaicity-kasaineppihappybus,加西市,JP,64,1188,6,60.0,60.0,1.0,1.0,not_declared,,,,,0,,0,,0,False,,,
jbda-kasugacity-yayoi_kasuga,春日市,JP,84,2205,5,60.0,60.0,1.0,1.0,not_declared,,,,,0,,0,,0,False,,,
jbda-keisei-transitbus-keiseitransitbus,京成バス千葉ウエスト株式会社,JP,449,7667,9,60.0,60.0,1.0,1.0,not_declared,,,,,0,,0,,0,False,,,
jbda-kimitsucity-Local_buses_via_Kimitsu_City,君津市,JP,296,5939,16,60.0,60.0,1.0,1.0,not_declared,,,,,0,,0,,0,False,,,
jbda-kinokawacity-kinokawa_bus,紀の川市,JP,72,2049,12,60.0,60.0,1.0,1.0,not_declared,,,,,0,,0,,0,False,,,
jbda-kisokoikirengo-kiso-bus,木曽広域連合,JP,82,2992,6,60.0,60.0,1.0,1.0,not_declared,,,,,0,,0,,0,False,,,
jbda-kitaena-kitaena,北恵那交通,JP,182,3787,10,60.0,60.0,1.0,1.0,not_declared,,,,,0,,0,,0,False,0.0,,
jbda-kitakyushucity-edamitsu,北九州市,JP,56,782,3,60.0,60.0,1.0,1.0,not_declared,,,,,0,,0,,0,False,,,
jbda-kitanagoyacity-communitybus,北名古屋市,JP,67,942,6,180.0,60.0,1.0,1.0,not_declared,,,,,0,,0,,0,False,,,
jbda-kitashitara-odekakehokusetsu,北設楽郡公共交通活性化協議会,JP,103,1911,12,60.0,60.0,1.0,1.0,not_declared,,,,,0,,0,,0,False,0.0,,
jbda-kobecity-kobe-shiokaze,神戸市,JP,109,1352,10,120.0,60.0,1.0,1.0,not_declared,,,,,0,,0,,0,False,,,
jbda-kochi-ekimae-kanko-GTFS-Ekimae_Airportbus,株式会社高知駅前観光,JP,51,408,11,60.0,60.0,1.0,1.0,not_declared,,,,,0,,0,,0,False,5.0,,
jbda-kochi-konancity-GTFS-Konancity_Bus,香南市,JP,91,1537,4,60.0,60.0,1.0,1.0,not_declared,,,,,0,,0,,0,False,,,
jbda-kochi-koryo-kotsu-GTFS-Koryotraffic_Localbus,高知高陵交通株式会社,JP,67,2684,7,60.0,60.0,1.0,1.0,not_declared,,,,,0,,0,,0,False,,,
jbda-kochi-seinan-kotsu-GTFS-Seinantraffic_Localbus,高知西南交通株式会社,JP,156,5765,7,60.0,60.0,1.0,1.0,not_declared,,,,,0,,0,,0,False,,,
jbda-kochi-tobu-kotsu-GTFS-Tobutraffic_Localbus,高知東部交通株式会社,JP,81,4779,12,60.0,60.0,1.0,1.0,not_declared,,,,,0,,0,,0,False,1.5384615384615385,,
jbda-kokacity-sinaicommunitybus,甲賀市,JP,227,4891,16,60.0,60.0,1.0,1.0,not_declared,,,,,0,,0,,0,False,2.8421052631578947,,
jbda-kotosan-kotohira-local,琴参バス株式会社,JP,50,1283,5,60.0,60.0,1.0,1.0,not_declared,,,,,0,,0,,0,False,0.0,,
jbda-kotosan-marugame-community,琴参バス株式会社,JP,62,2633,7,60.0,60.0,1.0,1.0,not_declared,,,,,0,,0,,0,False,,,
jbda-kuma-bus-kuma-bus,熊本バス,JP,337,10704,10,60.0,60.0,1.0,1.0,not_declared,,,,,0,,0,,0,False,,,
jbda-kumamoto-toshibus-kumamoto-toshibus,熊本都市バス,JP,1073,23031,10,60.0,60.0,1.0,1.0,not_declared,,,,,0,,0,,0,False,,,
jbda-kumamotodentetsu-kumamotodentetsu-bus,熊本電鉄,JP,483,14775,15,60.0,60.0,1.0,1.0,not_declared,,,,,0,,0,,0,False,,,
jbda-kumanogobobus-kumanogobobus_gobo,熊野御坊南海バス株式会社,JP,80,2193,5,60.0,60.0,1.0,1.0,not_declared,,,,,0,,0,,0,False,,,
jbda-kumanogobobus-kumanogobobus_kumano,熊野御坊南海バス株式会社,JP,153,4135,12,60.0,60.0,1.0,1.0,not_declared,,,,,0,,0,,0,False,0.0,,
jbda-kurobecity-shinkansenikuji-ishida-aimoto-minibus,黒部市,JP,51,901,9,120.0,60.0,1.0,1.0,not_declared,,,,,0,,0,,0,False,21.25,,
jbda-kusakarukotsu-kusakarubus,草軽交通株式会社,JP,50,1108,14,60.0,60.0,1.0,1.0,not_declared,,,,,0,,0,,0,False,,,
jbda-kusatsucity-kusatsusimamebus,草津市,JP,55,1568,8,60.0,60.0,1.0,1.0,not_declared,,,,,0,,0,,0,False,,,
jbda-kuwanacity-communitybus,桑名市,JP,54,1520,14,60.0,60.0,1.0,1.0,not_declared,,,,,0,,0,,0,False,,,
jbda-matsumotocity-guruttomatsumotobus2,松本市,JP,257,4973,10,60.0,60.0,1.0,1.0,not_declared,,,,,0,,0,,0,False,,,
jbda-matsusakacity-communitybus,松阪市,JP,91,1943,11,120.0,60.0,1.0,1.0,not_declared,,,,,0,,0,,0,False,,,
jbda-meikobus-meikobus,明光バス株式会社,JP,156,4539,16,60.0,60.0,1.0,1.0,not_declared,,,,,0,,0,,0,False,1.6666666666666667,,
jbda-mie-kotsu-sancochusei,三重交通,JP,776,18076,13,60.0,60.0,1.0,1.0,not_declared,,,,,0,,0,,0,False,8.571428571428571,,
jbda-minamiawajicity-lanrunbus,南あわじ市,JP,87,2600,13,60.0,60.0,1.0,1.0,not_declared,,,,,0,,0,,0,False,,,
jbda-minamiisetown-choeibus,南伊勢町,JP,117,2101,11,60.0,60.0,1.0,1.0,not_declared,,,,,0,,0,,0,False,,,
jbda-minamishinshu-Minamishinshu-Shinnan-1,南信州地域交通問題協議会（南信州広域連合）,JP,54,1871,7,60.0,60.0,1.0,1.0,not_declared,,,,,0,,0,,0,False,0.0,,
jbda-minokamocity-communitybus,美濃加茂市,JP,104,2584,10,60.0,60.0,1.0,1.0,not_declared,,,,,0,,0,,0,False,,,
jbda-mitoyocity-mitoyocommunitybus,三豊市,JP,150,4504,7,60.0,60.0,1.0,1.0,not_declared,,,,,0,,0,,0,False,0.0,,
jbda-munakatacity-MunakataCityCommunityBus,宗像市,JP,69,1190,9,120.0,60.0,1.0,1.0,not_declared,,,,,0,,0,,0,False,,,
jbda-murakamicity-murakamisicommunitybus,村上市,JP,97,2771,8,60.0,60.0,1.0,1.0,not_declared,,,,,0,,0,,0,False,0.0,,
jbda-nabaricity-communitybus,名張市,JP,54,876,9,60.0,60.0,1.0,1.0,not_declared,,,,,0,,0,,0,False,,,
jbda-nagadenbus-nagadenbus-nagano,長電バス株式会社,JP,366,7989,18,60.0,60.0,1.0,1.0,not_declared,,,,,0,,0,,0,False,7.2898550724637685,,
jbda-nagai-unyu-Nagaibus,永井運輸株式会社,JP,224,5457,13,60.0,60.0,1.0,1.0,not_declared,,,,,0,,0,,0,False,0.0,,
jbda-nagaicity-NagaiCity,長井市,JP,54,1439,7,60.0,60.0,1.0,1.0,not_declared,,,,,0,,0,,0,False,,,
jbda-nagano-ikedatown-IkedaTownBus,池田町,JP,59,1225,4,60.0,60.0,1.0,1.0,not_declared,,,,,0,,0,,0,False,,,
jbda-naganocity-shiei_noriaibus,長野市,JP,251,6283,11,60.0,60.0,1.0,1.0,not_declared,,,,,0,,0,,0,False,,,
jbda-nagareyamacity-nagareyamagreenbus,流山市,JP,197,2998,11,60.0,60.0,1.0,1.0,not_declared,,,,,0,,0,,0,False,0.0,,
jbda-nangokucity-GTFS-Nankokucity_Bus,南国市,JP,52,1431,7,60.0,60.0,1.0,1.0,not_declared,,,,,0,,0,,0,False,,,
jbda-nantocity-nanbus,南砺市,JP,121,2817,13,60.0,60.0,1.0,1.0,not_declared,,,,,0,,0,,0,False,,,
jbda-naoshimatown-naoshima,直島町,JP,83,732,4,60.0,60.0,1.0,1.0,not_declared,,,,,0,,0,,0,False,,,
jbda-naritacity-narita-community-bus,成田市,JP,73,2118,14,60.0,60.0,1.0,1.0,not_declared,,,,,0,,0,,0,False,,,
jbda-nasushiobaracity-chiikibasu,那須塩原市,JP,76,1948,9,60.0,60.0,1.0,1.0,not_declared,,,,,0,,0,,0,False,,,
jbda-nemurokotsu-nemurobus,根室交通株式会社,JP,67,2217,22,60.0,60.0,1.0,1.0,not_declared,,,,,0,,0,,0,False,,,
jbda-niimicity-niimishieibus,新見市,JP,50,818,11,60.0,60.0,1.0,1.0,not_declared,,,,,0,,0,,0,False,,,
jbda-nikkocity-nikkocity,日光市,JP,97,2505,8,60.0,60.0,1.0,1.0,not_declared,,,,,0,,0,,0,False,,,
jbda-nishiocity-meitestu_tobu,西尾市,JP,102,2746,10,60.0,60.0,1.0,1.0,not_declared,,,,,0,,0,,0,False,27.6,,
jbda-nishiocity-rokumangokukururinbus,西尾市,JP,77,2047,13,60.0,60.0,1.0,1.0,not_declared,,,,,0,,0,,0,False,,,
jbda-nisshincity-communitybus,日進市,JP,90,2085,12,120.0,60.0,1.0,1.0,not_declared,,,,,0,,0,,0,False,,,
jbda-niyodogawatown-GTFS-Niyodogawatown_Townsbus,仁淀川町,JP,55,677,6,60.0,60.0,1.0,1.0,not_declared,,,,,0,,0,,0,False,,,
jbda-nogatacity-NogataCityCommunityBus,直方市,JP,87,1199,9,120.0,60.0,1.0,1.0,not_declared,,,,,0,,0,,0,False,,,
jbda-nonoichicity-communitybus,野々市市,JP,71,1715,10,60.0,60.0,1.0,1.0,not_declared,,,,,0,,0,,0,False,,,
jbda-nouhibus-nouhibus,濃飛乗合自動車（濃飛バス）,JP,250,7923,13,60.0,60.0,1.0,1.0,not_declared,,,,,0,,0,,0,False,,,
jbda-ogakicity-meihankintetsubus,大垣市,JP,617,10095,12,60.0,60.0,1.0,1.0,not_declared,,,,,0,,0,,0,False,9.342281879194632,,
jbda-oguchitown-communitybus,大口町,JP,74,803,15,60.0,60.0,1.0,1.0,not_declared,,,,,0,,0,,0,False,,,
jbda-omachicity-omachisiminbus,大町市,JP,91,2521,9,60.0,60.0,1.0,1.0,not_declared,,,,,0,,0,,0,False,,,
jbda-omihachimancity-akakonbus,近江八幡市,JP,133,3143,13,60.0,60.0,1.0,1.0,not_declared,,,,,0,,0,,0,False,,,
jbda-oshucity-bus-oshucity-iwate-jp,奥州市,JP,84,2338,7,60.0,60.0,1.0,1.0,not_declared,,,,,0,,0,,0,False,,,
jbda-otawaracity-Ohtawaracitybus,大田原市,JP,115,2938,11,60.0,60.0,1.0,1.0,not_declared,,,,,0,,0,,0,False,,,
jbda-otonekotu-otonekotubus,大利根交通自動車株式会社,JP,128,2663,4,60.0,60.0,1.0,1.0,not_declared,,,,,0,,0,,0,False,,,
jbda-owasecity-fureaibus,尾鷲市,JP,61,926,14,60.0,60.0,1.0,1.0,not_declared,,,,,0,,0,,0,False,,,
jbda-reihoku-kanko-GTFS-Reihokukanko_Localbus,有限会社嶺北観光自動車,JP,90,1978,7,60.0,60.0,1.0,1.0,not_declared,,,,,0,,0,,0,False,0.0,,
jbda-rinkan-hashimoto-rinkandenentoshi,南海りんかんバス株式会社,JP,157,1793,8,60.0,60.0,1.0,1.0,not_declared,,,,,0,,0,,0,False,0.0,,
jbda-rinkan-koyasan,南海りんかんバス株式会社,JP,84,1072,16,60.0,60.0,1.0,1.0,not_declared,,,,,0,,0,,0,False,0.0,,
jbda-ryugasakicity-Ryugasakishi-communitybus,龍ケ崎市,JP,61,1992,10,60.0,60.0,1.0,1.0,not_declared,,,,,0,,0,,0,False,,,
jbda-ryujinbus-ryujinbus,龍神自動車株式会社,JP,58,1808,19,60.0,60.0,1.0,1.0,not_declared,,,,,0,,0,,0,False,,,
jbda-sankobus-sankobus,産交バス,JP,2393,77536,47,60.0,60.0,1.0,1.0,not_declared,,,,,0,,0,,0,False,,,
jbda-sentetsu-Sentetsubus,船木鉄道株式会社,JP,233,5302,8,60.0,60.0,1.0,1.0,not_declared,,,,,0,,0,,0,False,,,
jbda-setocity-setocitybus,瀬戸市,JP,92,1294,9,60.0,60.0,1.0,1.0,not_declared,,,,,0,,0,,0,False,,,
jbda-setouchicity-setouchicitybus,瀬戸内市,JP,103,2688,5,60.0,60.0,1.0,1.0,not_declared,,,,,0,,0,,0,False,0.0,,
jbda-shichigahamatown-Gururinko,七ヶ浜町,JP,81,2514,5,60.0,60.0,1.0,1.0,not_declared,,,,,0,,0,,0,False,,,
jbda-shiga-konancity-konansimegurukun,湖南市,JP,101,1939,15,60.0,60.0,1.0,1.0,not_declared,,,,,0,,0,,0,False,6.0,,
jbda-shimadacity-shimada_combus,島田市,JP,135,3141,7,60.0,60.0,1.0,1.0,not_declared,,,,,0,,0,,0,False,,,
jbda-shimanto-kotsu-GTFS-Shimantotraffic_Localbus,株式会社四万十交通,JP,70,2052,13,60.0,60.0,1.0,1.0,not_declared,,,,,0,,0,,0,False,,,
jbda-shimantotown-GTFS-Shimantotown_Bus,四万十町,JP,51,903,8,60.0,60.0,1.0,1.0,not_declared,,,,,0,,0,,0,False,,,
jbda-shimoko-shimokitakotsu,下北交通株式会社,JP,76,3267,13,60.0,60.0,1.0,1.0,not_declared,,,,,0,,0,,0,False,,,
jbda-shingutown-ShinguTownCommunityBus,新宮町,JP,61,1630,8,60.0,60.0,1.0,1.0,not_declared,,,,,0,,0,,0,False,0.0,,
jbda-shinjobankotsu-SHINJOBANKOTSU,新常磐交通株式会社,JP,567,13589,19,60.0,60.0,1.0,1.0,not_declared,,,,,0,,0,,0,False,12.294117647058824,,
jbda-shisocity-shitanbus-wingshinki,宍粟市,JP,71,1367,8,60.0,60.0,1.0,1.0,not_declared,,,,,0,,0,,0,False,,,
jbda-shonaikotsu-SHONAIKOTSU,庄内交通,JP,162,4696,11,60.0,60.0,1.0,1.0,not_declared,,,,,0,,0,,0,False,,,
jbda-suetown-SueTownCommunityBus,須恵町,JP,76,1014,7,60.0,60.0,1.0,1.0,not_declared,,,,,0,,0,,0,False,,,
jbda-suzakicity-suzakashiminbus,須坂市,JP,66,1388,11,60.0,60.0,1.0,1.0,not_declared,,,,,0,,0,,0,False,,,
jbda-tachikawacity-kururinbus,立川市,JP,81,1372,11,60.0,60.0,1.0,1.0,not_declared,,,,,0,,0,,0,False,3.260869565217391,,
jbda-tagawacity-TagawaCityCommunityBus,田川市,JP,72,1837,7,60.0,60.0,1.0,1.0,not_declared,,,,,0,,0,,0,False,,,
jbda-taiyo-koutu-taiyo-koutu,太陽交通株式会社,JP,101,1694,13,60.0,60.0,1.0,1.0,not_declared,,,,,0,,0,,0,False,4.0625,,
jbda-takasagocity-jotonbus,高砂市,JP,83,1077,12,60.0,60.0,1.0,1.0,not_declared,,,,,0,,0,,0,False,127.5,,
jbda-takashimacity-takasimasicommunitybus,高島市,JP,172,2967,10,60.0,60.0,1.0,1.0,not_declared,,,,,0,,0,,0,False,,,
jbda-takayamacity-noramaicar,高山市,JP,82,2694,12,60.0,60.0,1.0,1.0,not_declared,,,,,0,,0,,0,False,,,
jbda-takeyakoutu-takeyakotsu,株式会社タケヤ交通,JP,50,668,20,180.0,60.0,1.0,1.0,not_declared,,,,,0,,0,,0,False,,,
jbda-tateyamatown-tateyama,立山町,JP,66,1035,6,60.0,60.0,1.0,1.0,not_declared,,,,,0,,0,,0,False,,,
jbda-tobacity-communitybus,鳥羽市,JP,79,1778,7,60.0,60.0,1.0,1.0,not_declared,,,,,0,,0,,0,False,,,
jbda-tokaicity-tokai-ranranbus,東海市,JP,89,2014,10,60.0,60.0,1.0,1.0,not_declared,,,,,0,,0,,0,False,,,
jbda-tokonamecity-Gruun,常滑市,JP,118,1060,11,60.0,60.0,1.0,1.0,not_declared,,,,,0,,0,,0,False,0.0,,
jbda-tokubus-nanbu-tokushimabusnanbu,徳島バス南部株式会社,JP,77,3049,7,60.0,60.0,1.0,1.0,not_declared,,,,,0,,0,,0,False,,,
jbda-tokubus-tokushimabus,徳島バス株式会社,JP,1010,27329,29,60.0,60.0,1.0,1.0,not_declared,,,,,0,,0,,0,False,13.328467153284672,,
jbda-tokushima-miyoshicity-miyoshicitybus,三好市,JP,119,2836,11,60.0,60.0,1.0,1.0,not_declared,,,,,0,,0,,0,False,,,
jbda-tokushima-shiei-tokushimacitybus,徳島市交通局,JP,134,2172,6,60.0,60.0,1.0,1.0,not_declared,,,,,0,,0,,0,False,6.774193548387097,,
jbda-tosaden-kotsu-GTFS-Tosadentraffic_Regularbus,とさでん交通株式会社,JP,412,13878,17,60.0,60.0,1.0,1.0,not_declared,,,,,0,,0,,0,False,,,
jbda-towadakankodentetsu-toutetsu,十和田観光電鉄株式会社,JP,125,5211,15,60.0,60.0,1.0,1.0,not_declared,,,,,0,,0,,0,False,,,
jbda-toyamacity-yatsuocommunitybus,富山市,JP,84,1489,12,60.0,60.0,1.0,1.0,not_declared,,,,,0,,0,,0,False,,,
jbda-toyotacity-chiikibus,豊田市,JP,145,2649,14,60.0,60.0,1.0,1.0,not_declared,,,,,0,,0,,0,False,,,
jbda-toyotacity-kikanbus,豊田市,JP,450,11268,16,60.0,60.0,1.0,1.0,not_declared,,,,,0,,0,,0,False,11.543627031650983,,
jbda-tsucity-communitybus,津市,JP,68,1538,14,120.0,60.0,1.0,1.0,not_declared,,,,,0,,0,,0,False,,,
jbda-uedabus-noriai_bus,上田バス株式会社,JP,142,2694,11,60.0,60.0,1.0,1.0,not_declared,,,,,0,,0,,0,False,,,
jbda-ugokotsu-ugokotsu_honjo,羽後交通株式会社,JP,112,4990,6,60.0,60.0,1.0,1.0,not_declared,,,,,0,,0,,0,False,,,
jbda-uozucity-junkai,魚津市,JP,86,2052,13,60.0,60.0,1.0,1.0,not_declared,,,,,0,,0,,0,False,,,
jbda-waketown-wakechoueibasu,和気町,JP,93,1505,9,120.0,60.0,1.0,1.0,not_declared,,,,,0,,0,,0,False,,,
jbda-wakocity-Wako-City-junkanbus,和光市,JP,50,833,9,120.0,60.0,1.0,1.0,not_declared,,,,,0,,0,,0,False,,,
jbda-yamagata-yamagatacity-YamagataCity,山形市,JP,62,1477,9,120.0,60.0,1.0,1.0,not_declared,,,,,0,,0,,0,False,,,
jbda-yamakobus-YAMAKOBUS,山形交通,JP,749,18102,26,60.0,60.0,1.0,1.0,not_declared,,,,,0,,0,,0,False,2.195804195804196,,
jbda-yamanashi-hokutocity-hokuto-bus,北杜市,JP,72,1839,11,60.0,60.0,1.0,1.0,not_declared,,,,,0,,0,,0,False,,,
jbda-yonezawacity-Yonezawa,米沢市,JP,50,1710,8,60.0,60.0,1.0,1.0,not_declared,,,,,0,,0,,0,False,,,
mdb-1009,ZDMiKP w Bydgoszczy,PL,3582,75568,12,60.0,60.0,1.0,1.0,not_declared,,,,,0,,0,,1,True,4.101943362949652,0.0,True
mdb-101,Foothill Transit,US,2183,86034,480,76.0,1.0,0.024548434339912127,0.1632451795005498,declared,0.8550506138272669,1.0,0.02139732202041628,distance,73816,0.43674813048661537,0,,0,False,9.746576035684518,,
mdb-1010,Gmina Zaklad Komunalny (GZK Bystry),PL,63,1102,7,60.0,60.0,1.0,1.0,not_declared,,,,,0,,0,,0,False,,,
mdb-1011,Koleje Mazowieckie (KM),PL,210,1240,21,360.0,60.0,1.0,1.0,not_declared,,,,,0,,0,,1,False,1.4545454545454546,7.495220057720058,
mdb-1012,Miejskie Przedsiębiorstwo Komunikacyjne w Lomzy (MPK ZB w Łomży),PL,270,6256,4,60.0,60.0,1.0,1.0,not_declared,,,,,0,,0,,0,False,0.09868421052631579,,
mdb-1013,Zarząd Transportu Miejskiego Lublin (ZTM Lublin),PL,4242,99870,36,120.0,60.0,1.0,1.0,not_declared,,,,,0,,0,,0,False,2.9940339605323545,,
mdb-1018,Monkey Forest Ubud Shuttle,ID,57,570,3,60.0,60.0,1.0,1.0,not_declared,,,,,0,,0,,0,False,,,
mdb-1021,Instituto Regulador del Transporte del Municipio de Managua,NI,7534,350666,317,88.0,1.0,0.016668282639320606,0.05768844221105528,not_declared,,,,,0,,0,,0,False,,,
mdb-1022,Nicaragua,NI,122,6124,154,68.0,1.0,0.008001306335728282,0.05722939582337,not_declared,,,,,0,,0,,0,False,,,
mdb-1023,MapaNica Estelí,NI,566,18888,108,53.0,1.0,0.013818297331639137,0.09509612419039787,not_declared,,,,,0,,0,,0,False,,,
mdb-1027,Republic of Serbia,RS,34120,879659,13,120.0,60.0,1.0,1.0,not_declared,,,,,0,,0,,1,True,9.15920438427908,15.232815361077732,False
mdb-1029,Auckland Transport,NZ,14470,425759,683,62.0,1.0,0.02845036746140422,0.1438413105102486,declared,0.9833165249309492,1.0,0.12931526341442007,distance,14383,0.817353820482514,0,,1,True,12.013183100939044,0.5489510489510487,True
mdb-103,El Monte Transit,US,127,251,8,120.0,60.0,1.0,1.0,declared,0.9108884073672806,1.0,1.0,distance,0,,0,,0,False,3.75,,
mdb-1033,Transportes Sul do Tejo (TST),PT,635,17022,281,49.0,1.0,0.014745623311009282,0.053689754771478734,not_declared,,,,,0,,0,,0,False,,,
mdb-1041,Kauno viešasis transportas (KVT),LT,2424,69974,10,60.0,60.0,1.0,1.0,not_declared,,,,,0,,0,,0,False,4.979781698902839,,
mdb-1042,Klaipėda Transport,LT,1869,41154,19,60.0,60.0,1.0,1.0,not_declared,,,,,0,,0,,0,False,14.83438046712383,,
mdb-1043,Panevezio Autobusu Parkas,LT,1069,16728,6,120.0,60.0,1.0,1.0,not_declared,,,,,0,,0,,0,False,3.5699546485260774,,
mdb-1044,Vilnius Transport,LT,8092,148450,12,120.0,60.0,1.0,1.0,not_declared,,,,,0,,0,,0,False,13.168119465645436,,
mdb-1052,TRENITALIA,IT,139,394,18,1200.0,60.0,1.0,1.0,not_declared,,,,,0,,0,,0,False,2.142857142857143,,
mdb-1053,Loudoun County Transit,US,1404,11972,304,79.0,1.0,0.12988640160374207,0.37387858851674644,declared,0.6372607655502392,1.0,0.017480056311590803,distance,8375,0.0911044776119403,0,,0,False,2.6909566517189836,,
mdb-1056,Ciotabus,FR,352,6180,8,60.0,60.0,1.0,1.0,not_declared,,,,,0,,0,,0,False,7.1085714285714285,,
mdb-1059,Autolinee Varesine,IT,1405,34179,23,60.0,30.0,0.911261300798736,0.950974899148364,not_declared,,,,,0,,0,,0,False,1.9223681809888706,,
mdb-106,Beaumont Transit,US,126,1489,175,62.0,1.0,0.0819341840161182,0.25758513931888544,declared,0.7009287925696595,0.8322981366459627,0.012367491166077738,distance,1118,0.9373881932021467,0,,0,False,,,
mdb-1060,Shreveport and Bossier City,US,937,20963,181,53.0,1.0,0.03377379191909555,0.22136986301369863,declared,0.03168949771689498,0.2214467603508441,0.21902017291066284,distance,542,0.3892988929889299,16460,0.5998177399756986,0,False,0.3877793628150261,,
mdb-1062,Automobilistico,IT,3992,68545,16,60.0,60.0,1.0,1.0,not_declared,,,,,0,,0,,1,True,1.724943451498907,0.06593406593406591,True
mdb-1066,Società Gestione Multipla (SGM),IT,958,12273,81,70.0,1.0,0.2555202476981993,0.2139671982465422,not_declared,,,,,0,,0,,0,False,0.29092526690391457,,
mdb-1067,Roseville Transit,US,124,73,3,600.0,300.0,1.0,1.0,not_declared,,,,,0,,0,,0,False,0.0,,
mdb-1069,Transilien SNCF,FR,1017,5666,36,360.0,60.0,1.0,1.0,not_declared,,,,,0,,0,,1,True,2.6580237358101106,10.813859683431827,False
mdb-107,Mountain Transit,US,96,755,5,120.0,60.0,1.0,1.0,declared,0.7950286806883365,1.0,1.0,distance,0,,0,,0,False,,,
mdb-1071,BayBus,NZ,1403,35941,267,50.0,1.0,0.027851200578726247,0.18776778063410454,declared,0.8346186803770351,1.0,0.026822381930184803,distance,30332,0.9752077014374259,0,,0,False,1.4048925613997916,,
mdb-1072,Wielicka Komunikacja Wewnątrzgminna,PL,71,1327,4,60.0,60.0,1.0,1.0,not_declared,,,,,0,,0,,0,False,,,
mdb-1075,"Fluo Grand Est 67, CTS, DB AG, SBB, THURBO, Breisgau-S-Bahn GmbH, NVBW, Schwarzer Reisen, BBS Mittelschwaben, Probst, Brandner UA, Stadtbus Kempten, Gairing, RBI Regionalbus Isny, RBA Kempten, RBA Lindau, NeuBus, Schwabenbus Dillingen, Schweizerische Bundesbahnen SBB, Schweiz. Schifffahrtsgesellschaft Untersee und Rhein AG, Schweizerische Bodensee-Schiffahrtsgesellschaft AG, Politische Gemeinde Steckborn, SBB GmbH (Grenzverkehr), Bodensee-Schiffsbetriebe GmbH, PostAuto AG, SNCF, Scharnagel Omnibus",IT,3486,52017,72,60.0,60.0,0.9112021070034796,0.91358153078203,not_declared,,,,,0,,0,,1,True,2.7023636740617873,3.4252165982672143,False
mdb-1077,OVapi,DK,102774,1774039,691,63.0,1.0,0.7537387847730518,0.8311535314095685,declared,0.8878098171113824,0.9870171688215275,0.8114574550090762,distance,86134,0.19821441010518495,828,0.004830917874396135,3,True,7.260299421302882,4.090367508517961,True
mdb-1078,Entur,NO,58603,1290997,47,60.0,60.0,1.0,1.0,not_declared,,,,,0,,0,,3,True,1.9179499624028273,1.553986710963455,True
mdb-1080,"Metro Transit, Intercity Transit, City of Seattle, Community Transit, Pierce Transit, Sound Transit, Washington State Ferries, SeattleCenterMonorail, Everett Transit, Seattle Children's Hospital",US,19728,632861,791,60.0,1.0,0.10741063203452259,0.27557003847297457,declared,0.8259297887080537,1.0,0.12289159268585964,distance,465251,0.8716993622797157,0,,1,True,9.596128343760924,0.18409090909090917,True
mdb-1082,Hofmann Omnibusverkehr GmbH,DE,3266,48938,34,120.0,60.0,1.0,1.0,not_declared,,,,,0,,0,,1,True,2.9448456305599158,1.875,True
mdb-1085,Verkehrsverbund Pforzheim-Enzkreis (VPE),DE,3345,68563,22,60.0,60.0,1.0,1.0,not_declared,,,,,0,,0,,2,True,0.3240968801313629,8.814285714285715,False
mdb-1086,Transperth,AU,21822,532785,57,60.0,60.0,1.0,1.0,declared,0.8709063922562867,1.0,1.0,stopcount,0,,0,,1,True,8.367577747871355,4.037583755969348,True
mdb-1088,Société des Transports Intercommunaux de Bruxelles/Maatschappij voor het Intercommunaal Vervoer te Brussel (STIB / MIVB),BE,10705,226704,314,87.0,1.0,0.10831745359587833,0.4295793335551727,not_declared,,,,,0,,0,,2,True,12.52487494917116,6.208285827870761,True
mdb-109,Bullhead Area Transit System,US,52,936,11,120.0,60.0,1.0,1.0,not_declared,,,,,0,,0,,0,False,,,
mdb-1090,Public Transport Germany,FR,650243,11997670,373,60.0,1.0,0.9548114758949029,0.9544881314785805,not_declared,,,,,0,,0,,2,True,1.2929826872055128,0.34454058339627414,True
mdb-1091,"DPN, AVL, CFL, CFLBus, RGTR, TICE, TRAM",DE,14620,335126,345,65.0,5.0,0.2917469847161963,0.24122347800988156,not_declared,,,,,0,,0,,0,False,,,
mdb-1092,Swiss Federal Railways (SBB),DE,133548,1835060,57,60.0,60.0,1.0,1.0,not_declared,,,,,0,,0,,2,True,3.6119249133139344,10.150931593887037,False
mdb-1098,Waltti - Hämeenlinna,FI,618,23471,101,45.0,5.0,0.09918622981551702,0.2283876322888566,declared,0.885577920730442,0.9873050417120058,0.13033086512325429,distance,16155,0.019746208604147324,28,0.0,0,False,7.2253086419753085,,
mdb-11,Amtrak,US,197,581,22,1800.0,60.0,1.0,1.0,not_declared,,,,,0,,0,,0,False,,,
mdb-1103,"Transport for Greater Manchester Arriva in the North West, Atlantic Travel, Bestway Travel, Belle Vue Coaches, Blackburn Private Hire, The Burnley Bus Company, Bullocks Coaches, Cumfy Bus, D&G Bus, Don Fraser Coaches Ltd, Finch Coaches, First Halifax, Calder Valley & Huddersfield, First in Greater Manchester, Little Gem, Go North West, Diamond Bus North West, Harris Travel, Hattons Transport, Hiltons Travel, High Peak, Huyton Travel, Holmeswood Coaches, Link Network, The Blackburn Bus Company, Maghull Coaches, Metrolink, Olympia Travel UK Ltd, Preston Bus, Nexus Move, Rosso, Tyrers, Stagecoach Merseyside and South Lancashire, Stagecoach in Greater Manchester, Selwyn's Travel, South Pennine C.T., Stotts, Travel Assist, Team Pennine, Viking Coaches, Vision Bus, Warrington's Own Buses",GB,15806,752716,432,57.0,1.0,0.018849074551358015,0.14114244603193396,declared,0.8747568786273058,0.9996779822994142,0.01822181174066489,distance,660129,0.29485449056169327,31,0.03225806451612903,1,True,9.536817190603518,0.007547169811320755,True
mdb-1106,"Manila Light Rail Transit Authority, LTFRB, Manila Metro Rail Transit Corporation, MARINA, Philippine National Railways, The Fort Bus",PH,1810,76736,456,73.0,1.0,0.02090283569641368,0.03908537672192091,not_declared,,,,,0,,0,,0,False,,,
mdb-1109,Roosevelt Island Operating Corporation Tramway (RIOC Tramway),US,250,2566,35,66.0,4.0,0.004676539360872954,0.298936170212766,declared,0.700709219858156,0.9988151658767772,0.0,distance,1976,1.0,1,0.0,0,False,2.727272727272727,,
mdb-111,SunTran Utah,US,177,3048,12,60.0,1.0,0.7755905511811023,0.8905426356589148,not_declared,,,,,0,,0,,0,False,,,
mdb-1110,Wave Transit,US,512,2772,61,94.0,1.0,0.01911976911976912,0.3118148599269184,declared,0.6881851400730816,1.0,0.0,stopcount,2260,0.0,0,,0,False,0.00913242009132407,,
mdb-1111,Codiac Transport,CA,578,23889,256,46.0,1.0,0.012725522206873457,0.10708300976825928,declared,0.9070993583193689,1.0,0.015634856267459675,distance,21847,1.0,0,,0,False,6.667172894171263,,
mdb-1115,"Freiburger Verkehrs AG (VAG), R.A.S.T. Reisen (RAST), Tuniberg Express",DE,1983,26510,22,60.0,30.0,0.846812523576009,0.7619281504350267,not_declared,,,,,0,,0,,1,True,0.2672684458398744,0.0,True
mdb-1120,"Niš-ekspres, Lasta a.d. Beograd, Strela-Obrenovac",RS,2006,3377,9,120.0,60.0,1.0,1.0,not_declared,,,,,0,,0,,0,False,1.528409090909091,,
mdb-1121,Knoxville Area Transit (KAT),US,1378,21741,12,60.0,60.0,1.0,1.0,declared,0.8422952494466202,1.0,1.0,distance,0,,0,,0,False,0.08196721311475409,,
mdb-1122,Kocaeli,TR,23440,1132697,387,18.0,1.0,0.005036651461070348,0.033848637003438035,not_declared,,,,,0,,0,,1,True,0.0,0.0,False
mdb-1123,Komunikacja Miejska Łomianki,PL,55,958,7,60.0,30.0,0.9603340292275574,0.981243830207305,not_declared,,,,,0,,0,,0,False,0.0,,
mdb-1127,Waltti - Kotka,FI,473,18233,263,50.0,1.0,0.024077222618329404,0.10936504565725207,declared,0.9431407942238267,0.972922502334267,0.05730368702504925,distance,8869,0.16033374675837186,5,0.2,0,False,1.3850308641975309,,
mdb-1128,Waltti - Kouvola,FI,301,11716,13,60.0,60.0,1.0,1.0,declared,0.9127853881278539,1.0,1.0,distance,0,,0,,0,False,1.2307692307692308,,
mdb-1129,"Haarasilta Toivo Samuli, Järvisen Liikenne Oy, Koiviston Auto Oy, Lehtimäen Liikenne Oy, Bus Travel Oy Reissu Ruoti, Tilausliikenne Kuisma Ky",FI,1652,65810,276,46.0,1.0,0.04034341285518918,0.12083302453123843,declared,0.9201660120062255,0.9901596732268845,0.04540988095813399,distance,49144,0.02340061859026534,46,0.0,0,False,8.519300003711539,,
mdb-1130,Mikkeli,FI,374,11053,30,60.0,30.0,0.6056274314665702,0.6108929039015449,declared,0.9854237584009776,0.9640718562874252,0.6056687333923826,distance,608,0.01644736842105263,0,,0,False,4.0509607351712615,,
mdb-1131,Waltti - Vaasa,FI,439,16396,28,40.0,10.0,0.24835325689192486,0.15752098127824402,not_declared,,,,,0,,0,,0,False,0.4468911917098445,,
mdb-1135,Bizkaibus,ES,4203,91342,819,98.0,1.0,0.015578813689211973,0.015929296098734443,not_declared,,,,,0,,0,,0,False,5.787179487179487,,
mdb-1138,Bus Regione Piemonte,IT,10601,86507,65,240.0,60.0,0.9998612829019617,0.999938288746953,not_declared,,,,,0,,0,,0,False,,,
mdb-1143,I-RIDE Trolley (I-RIDE),US,75,4861,81,36.0,1.0,0.015428924089693478,0.0028363047001620746,not_declared,,,,,0,,0,,0,False,,,
mdb-1144,InterCity Group,NZ,140,1182,43,600.0,60.0,1.0,1.0,not_declared,,,,,0,,0,,0,False,,,
mdb-1147,Mobilità e Trasporti Molfetta,IT,64,2170,7,60.0,60.0,1.0,1.0,not_declared,,,,,0,,0,,0,False,,,
mdb-1149,Shimada Local Voluntary Operation Bus,JP,182,4525,14,60.0,60.0,1.0,1.0,not_declared,,,,,0,,0,,0,False,0.0,,
mdb-1150,Komunikacja Miejska Płock,PL,1356,31260,17,60.0,60.0,1.0,1.0,not_declared,,,,,0,,0,,0,False,3.276005304907039,,
mdb-1151,Komunikacja Miejska Bielawa Dzierżoniów,PL,843,15705,8,120.0,60.0,1.0,1.0,not_declared,,,,,0,,0,,0,False,1.8375886524822698,,
mdb-1155,Rodoviária de Lisboa,PT,2000,62983,201,41.0,1.0,0.00970103043678453,0.04385762430174046,not_declared,,,,,0,,0,,0,False,,,
mdb-1156,Potomac and Rappahannock Transportation Commission (PRTC) Omniride,US,639,11969,403,99.0,1.0,0.05129918957306375,0.27177783052456683,declared,0.7424638025160218,1.0,0.01918158567774936,distance,7011,0.5101982598773356,0,,0,False,2.947916666666667,,
mdb-1158,SRTMedenine,TN,66,799,28,600.0,60.0,1.0,1.0,not_declared,,,,,0,,0,,0,False,,,
mdb-116,"Tehama Rural Area Express (TRAX), Susanville Indian Rancheria Public Transportation Program",US,71,373,12,300.0,60.0,1.0,1.0,declared,0.9366262814538676,1.0,1.0,distance,0,,0,,0,False,,,
mdb-1161,TRAINOSE,GR,58,341,33,240.0,60.0,1.0,1.0,not_declared,,,,,0,,0,,0,False,,,
mdb-1172,Verkehrsverbund Mittelthüringen (VMT),DE,18155,236935,66,120.0,60.0,0.9650410450123451,0.972731117777447,not_declared,,,,,0,,0,,1,True,0.5580582384315986,0.0,True
mdb-1173,Verkehrsverbund Rhein-Neckar,DE,33912,580323,46,60.0,60.0,0.9999896609302061,0.9999795933424065,not_declared,,,,,0,,0,,1,True,1.3495640265058362,1.296970944606984,True
mdb-1175,ZDZiT Olsztyn,PL,2181,45531,7,60.0,60.0,1.0,1.0,not_declared,,,,,0,,0,,1,True,5.285056390977444,0.0,True
mdb-1176,ZTZ Rybnik,PL,1022,22085,11,120.0,60.0,1.0,1.0,not_declared,,,,,0,,0,,0,False,0.8144796380090498,,
mdb-1177,Autolinee Mugello Valdisieve,IT,875,20996,25,60.0,60.0,1.0,1.0,not_declared,,,,,0,,0,,0,False,10.211180124223603,,
mdb-1179,Agence métropolitaine de transport,CA,183,366,12,600.0,60.0,1.0,1.0,not_declared,,,,,0,,0,,0,False,85.23848684210526,,
mdb-1181,Agence métropolitaine de transport CRT Lanaudière,CA,143,6106,55,30.0,1.0,0.35129380936783494,0.6500240038406145,declared,0.7452392382781245,0.8153266331658291,0.593515138501181,distance,1893,0.11568938193343899,258,0.015503875968992248,0,False,,,
mdb-1183,Filsland Verkehrsverbund,DE,1986,29889,21,60.0,60.0,0.9999330857506106,0.9999691472294212,not_declared,,,,,0,,0,,0,False,3.753968253968254,,
mdb-1185,Airpullmann,IT,904,20288,20,60.0,60.0,1.0,1.0,not_declared,,,,,0,,0,,0,False,20.596970863817223,,
mdb-1186,Петербургский метрополитен - Petersburg Metro,RU,64358,789989,36,120.0,60.0,1.0,1.0,not_declared,,,,,0,,0,,1,True,6.974701906583436,9.242746202423621,False
mdb-1189,Blacksburg Transit,US,942,17604,212,67.0,1.0,0.01278118609406953,0.15485819044537905,declared,0.857435565620619,1.0,0.014337819142246258,distance,15674,1.0,0,,0,False,0.8044677544677545,,
mdb-1194,"Bus Company S.r.l., Gunetto Autolinee S.r.l., Bus Company S.r.l., GelosoBus S.r.l., RT Piemonte S.r.l., Autolinee Nuova Benese S.r.l., Autolinee Allasia S.r.l., Nuova S.A.A.R. S.r.l., SAV Autolinee S.r.l., S.A.C. S.r.l., Autolinee Valle Pesio S.r.l., ACTP S.r.l., Nuova Beccaria S.r.l., Giors S.n.c., Consorzio Trasporti GRANDA BUS",IT,2048,47396,30,60.0,60.0,1.0,1.0,not_declared,,,,,0,,0,,0,False,6.28996138996139,,
mdb-1198,Long Beach Transit (LBT),US,1941,89119,237,60.0,1.0,0.0678867581548267,0.20735435409206043,declared,0.8549109092497161,1.0,0.07283245852649324,distance,72600,0.9985674931129477,0,,0,False,8.171790643439268,,
mdb-120,Regional Transportation Commission (RTC),US,1390,25762,9,60.0,60.0,1.0,1.0,declared,0.8380825485267843,1.0,1.0,stopcount,0,,0,,0,False,8.113718411552346,,
mdb-1208,Green Bus Thailand,TH,119,818,20,1500.0,60.0,1.0,1.0,not_declared,,,,,0,,0,,0,False,,,
mdb-121,Josephine County Transit (JCT),US,84,1850,38,60.0,1.0,0.8032432432432433,0.9041780199818347,declared,0.10127157129881925,1.0,0.053811659192825115,distance,211,1.0,0,,0,False,0.0,,
mdb-1210,"Los Angeles Department of Transportation (LADOT, DASH, Commuter Express)",US,3131,88647,48,60.0,60.0,1.0,1.0,declared,0.8304653852289041,1.0,1.0,distance,0,,0,,0,False,1.3838849701573521,,
mdb-1220,Colectivos Buenos Aires,AR,145990,9577006,827,56.0,2.0,0.029911957870758357,0.04705144245969301,declared,0.8797060612888804,0.15051527019120303,0.03290345383072184,distance,8279917,0.7501267222847765,851954,0.15987717646727406,0,False,0.0,,
mdb-1224,Rurtalbahn GmbH | ABELLIO Rail | VIAS GmbH| Aachener Straßenbahn und Energieversorgungs-AG | Rurtalbus GmbH | WestVerkehr GmbH | Staatsbahnen | National Express | ASEAG Netliner,DE,9662,234578,39,60.0,60.0,0.902910758894696,0.9522070550516493,not_declared,,,,,0,,0,,2,True,0.3953333333333333,5.0,False
mdb-1227,Waltti - Joensuu,FI,700,28536,16,60.0,60.0,1.0,1.0,declared,0.9726713077498418,1.0,1.0,distance,0,,0,,0,False,0.19106407995296884,,
mdb-123,UTrans,US,79,2115,138,60.0,1.0,0.5947990543735224,0.7081056466302368,declared,0.4553734061930783,1.0,0.359,distance,641,0.8783151326053042,0,,0,False,,,
mdb-1235,Delaware Transit Corporation (DART First State),US,1882,75702,494,46.0,1.0,0.02293202293202293,0.16870047033051994,not_declared,,,,,0,,0,,0,False,7.061476744992029,,
mdb-1237,IndyGo,US,1611,90347,258,45.0,1.0,0.016193122073782196,0.11735792426977533,declared,0.8983448965832228,1.0,0.017479724004357825,distance,77110,0.874205680197121,0,,0,False,3.4824508523647557,,
mdb-1240,Atomic City Transit,US,213,2216,11,60.0,60.0,1.0,1.0,declared,0.7301867743563857,1.0,1.0,distance,0,,0,,0,False,0.0,,
mdb-1245,City of Glendale,US,700,78,2,60.0,,0.9871794871794872,0.9992935358530555,declared,0.8154137054182695,0.9992935358530555,,stopcount,0,,0,,0,False,0.0,,
mdb-1246,Santa Barbara Metropolitan Transit District (MTD),US,960,19811,263,70.0,1.0,0.040381606178385744,0.2532376871599827,declared,0.7727600982138558,1.0,0.03364276369073578,distance,15511,0.3434336922184256,0,,0,False,1.2995051085568325,,
mdb-125,Basin Transit Service (BTS),US,85,1688,14,60.0,60.0,1.0,1.0,declared,0.0038330494037478705,1.0,1.0,distance,0,,0,,0,False,,,
mdb-1250,Unobus,JP,265,9600,8,60.0,60.0,1.0,1.0,not_declared,,,,,0,,0,,0,False,12.706069751844398,,
mdb-1251,MerseyLink,AU,208,3493,213,55.0,1.0,0.18093329516175208,0.4177708495713172,declared,0.896002024291498,1.0,0.3481675392670157,stopcount,2241,0.004016064257028112,0,,0,False,,,
mdb-1252,HofBus,DE,557,8647,9,60.0,60.0,0.9910951775182144,0.9926384295316334,not_declared,,,,,0,,0,,0,False,0.0,,
mdb-1255,Komia Liikenne,FI,153,3356,9,60.0,60.0,1.0,1.0,declared,0.89275875639512,1.0,1.0,distance,0,,0,,0,False,0.0,,
mdb-1258,Pays de la Loire,FR,1973,13463,56,300.0,60.0,1.0,1.0,not_declared,,,,,0,,0,,2,False,17.011278195488725,7.892549283385936,
mdb-1259,TER Pays de la Loire,ES,935,8775,48,240.0,60.0,1.0,1.0,not_declared,,,,,0,,0,,2,True,14.878048780487806,8.578508954602249,True
mdb-1262,Delhi Transport Corporation,IN,78507,3166198,736,114.0,1.0,0.02001675195297325,0.04044651433081604,not_declared,,,,,0,,0,,0,False,0.0,,
mdb-1267,Movibus S.r.l.,IT,1168,18184,25,120.0,60.0,1.0,1.0,not_declared,,,,,0,,0,,0,False,16.43043499773348,,
mdb-1271,Komunikacja Miejska - Bolesławiec,PL,339,6416,8,60.0,60.0,1.0,1.0,not_declared,,,,,0,,0,,0,False,5.293333333333333,,
mdb-1272,"Cascais Próxima, E.M., S.A.",PT,2053,61550,249,57.0,1.0,0.20157595450852966,0.3716963036334764,declared,0.7173875446126755,0.8576356050069541,0.18026211975103007,distance,37403,0.5947383899687191,2498,0.39431545236188953,0,False,5.758425196850394,,
mdb-1277,Taichung,TW,21484,1130316,410,59.0,1.0,0.015872552454357897,0.023141133966552065,not_declared,,,,,0,,0,,0,False,0.0,,
mdb-1279,Rochester City Lines,US,79,402,32,480.0,60.0,1.0,1.0,not_declared,,,,,0,,0,,0,False,,,
mdb-128,Cherriots,US,1627,34201,233,53.0,1.0,0.034414198415251014,0.23191358713855084,not_declared,,,,,0,,0,,0,False,7.777509093915345,,
mdb-1287,Brite,US,53,183,19,300.0,60.0,1.0,1.0,declared,0.6766666666666666,1.0,1.0,stopcount,0,,0,,0,False,,,
mdb-1292,Rejseplanen,SE,37004,1072727,89,60.0,30.0,0.7521401064762983,0.8775349313266516,not_declared,,,,,0,,0,,3,True,6.179508776546155,2.2235059438942932,True
mdb-1294,Roma Servizi per la Mobilità,IT,33096,954694,654,66.0,1.0,0.05221882613696116,0.1317336509644202,declared,0.8649842060773235,0.5433051996195583,0.06749125323364416,distance,673216,0.7530926181195932,60982,0.18128300154143845,2,True,8.515953094739155,1.47005772005772,True
mdb-1295,Yolo County Transportation District (Yolobus),US,201,7020,204,70.0,1.0,0.07962962962962963,0.32003877579282647,declared,0.6834233485666805,1.0,0.005065856129685917,distance,4910,1.0,0,,0,False,5.278017241379311,,
mdb-1297,Strathcona County Transit,CA,634,9919,25,60.0,60.0,1.0,1.0,declared,0.7400120156203064,1.0,1.0,distance,0,,0,,0,False,7.545551982851018,,
mdb-13,"San Diego International Airport, Metropolitan Transit System (MTS)",US,6618,174276,30,60.0,60.0,1.0,1.0,declared,0.8070242182872388,1.0,1.0,distance,0,,0,,1,True,10.948266325095233,0.08771929824561403,True
mdb-1304,Kitsap Transit,US,1112,26477,365,42.0,1.0,0.03066812705366922,0.1993838347227256,declared,0.8243928959768032,1.0,0.028841503627170806,distance,22089,0.5590565439811671,0,,0,False,5.596354166666666,,
mdb-1305,CH_Yuanlin Passenger Transport (General Manager) | CH_中鹿客運(公總) | CH_彰化客運(公總),TW,50,3063,194,48.0,1.0,0.007182500816193275,0.0130475302889096,not_declared,,,,,0,,0,,0,False,,,
mdb-1306,"NT_Total passenger (common total), NT_南投客運(公總), NT_全航客運(公總)",TW,65,6532,133,48.0,1.0,0.01148193508879363,0.006214946187661058,not_declared,,,,,0,,0,,0,False,0.0,,
mdb-131,Lane Transit District (LTD),US,1338,5989,13,60.0,60.0,1.0,1.0,declared,0.6821499849632282,1.0,,stopcount,0,,0,,0,False,5.897583429228998,,
mdb-1313,Metro Christchurch,NZ,1935,128684,506,35.0,1.0,0.01216934506232321,0.1295703699167075,declared,0.8852584517393435,1.0,0.016750838839115847,stopcount,113699,0.0235094415957924,0,,0,False,9.057584899496348,,
mdb-1321,"Samtrafiken, SJ, NSB, NSB/SJ, Visingsöleden, UL, Sörmlandstrafiken, ÖstgötaTrafiken, JLT, Länstrafiken Kronoberg, KLT, Region Gotland, Blekingetrafiken, Gällivare Stadstrafik, Hallandstrafiken, Värmlandstrafik, VL, Dalatrafik, X-trafik, Din Tur, Destination Gotland, Länstrafiken Jämtland, Länstrafiken Västerbotten, Länstrafiken Norrbotten, SL, Skånetrafiken, Flygbussarna, Västtrafik, Ventrafiken, Arlanda Express, Länstrafiken Örebro, Öresundståg, BT Buss, Mälartåg, Vy Tåg, Värmlandstrafik, Waxholmsbolaget, FlixTrain, Bus4You, Nettbuss Express, Skelleftebuss, Y-buss, MasExpressen, Silverlinjen, Härjedalingen, Merresor Express, ForSea, Snälltåget, Nikkaluoktaexpressen, Trafikverket Färjerederiet, Bergkvarabuss, Vy Nattåg, Vy Norrtåg, Krösatågen, Tågab, Karlstadsbuss, Luleå Lokaltrafik, Trosabussen, Ressels Rederi, Haparanda lokaltrafik, Roslagens Sjötrafik, Piteå Lokaltrafik, Strömma, Boden Stadstrafik, Snötåget, Kiruna Stadstrafik, Stadsbussarna Östersund, Krösatågen, SJ NORGE, Skärgårdsbåtarna i Uddevalla, MTRX, Stavsnäs Båttaxi, Söne Buss, Kalix stadstrafik, Flixbus, Stockholms stad",PL,115187,2208238,57,60.0,60.0,1.0,1.0,not_declared,,,,,0,,0,,2,True,7.6401893648071635,13.36859045440936,False
mdb-1326,Zarząd Transportu Publicznego w Krakowie (ZTP Kraków),PL,8699,179930,14,60.0,60.0,1.0,1.0,not_declared,,,,,0,,0,,0,False,1.1826298804097408,,
mdb-135,"LINX Transit, Linn-Benton Loop, Albany Transit System",US,89,1713,134,77.0,1.0,0.06538237011091652,0.32075471698113206,declared,0.6892341842397336,1.0,0.014492753623188406,distance,1224,0.795751633986928,0,,0,False,0.0,,
mdb-142,Valley Regional Transit,US,698,12888,348,64.0,1.0,0.11514587212911236,0.1629618725158251,declared,0.7896363904018843,0.5874737578726382,0.049869500372856077,distance,10177,0.6237594576004717,661,0.018154311649016642,0,False,15.368559218559216,,
mdb-147,Valley Metro (VM),US,7310,325323,49,60.0,60.0,1.0,1.0,declared,0.8651671709991607,1.0,1.0,stopcount,0,,0,,1,True,6.966594332301061,0.0,True
mdb-148,Sun Metro,US,1944,47625,364,60.0,1.0,0.01568503937007874,0.14823780992152352,declared,0.8655207892029293,1.0,0.01589632426636832,distance,24633,0.2796248934356351,0,,0,False,0.14696044211751008,,
mdb-15,Orange County Transportation Authority (OCTA),US,3312,194239,45,60.0,1.0,0.7917668439396826,0.8957383156754458,declared,0.8871278809016406,0.9801327473315993,0.8850005420734595,distance,20154,0.03165624689887864,264,0.0,0,False,18.26292058433127,,
mdb-150,Capital Metro,US,4787,140466,505,76.0,1.0,0.021777511995785457,0.17837153105271492,declared,0.8358794654843618,1.0,0.01704910471609534,distance,119339,0.987145861788686,0,,0,False,10.836046782009943,,
mdb-151,Denton County Transportation Authority (DCTA),US,946,8057,112,64.0,1.0,0.1375201687973191,0.47562596942167074,declared,0.5317970307999114,0.9981069569332702,0.015625,distance,4704,0.9725765306122449,8,1.0,0,False,0.6768115942028985,,
mdb-152,Dallas Area Rapid Transit (DART),US,6729,340036,353,38.0,1.0,0.01168111611711701,0.1337735930673511,declared,0.8798638847634566,1.0,0.015499531310429818,distance,300377,0.2794088761789351,0,,2,True,2.8701123366013075,0.0,True
mdb-155,JTRAN,US,236,6069,159,47.0,1.0,0.0387213709013017,0.2290245836637589,declared,0.7860428231562252,1.0,0.01916868442292171,distance,4654,0.8792436613665664,0,,0,False,0.11474867724867724,,
mdb-16,Laguna Beach Transit (LBT),US,317,100,9,360.0,60.0,1.0,1.0,declared,0.7827175954915466,1.0,,distance,0,,0,,0,False,,,
mdb-160,Red Apple Transit,US,66,1402,12,120.0,60.0,1.0,1.0,declared,0.04429530201342282,1.0,1.0,distance,0,,0,,0,False,,,
mdb-163,Gunnison Valley Transportation Authority (RTA),US,82,1066,10,150.0,60.0,1.0,1.0,not_declared,,,,,0,,0,,0,False,0.0,,
mdb-164,Snowmass Village Transportation,US,136,1791,41,54.0,1.0,0.012283640424343942,0.30980799169693823,declared,0.8972496107939802,1.0,0.23076923076923078,distance,418,0.6842105263157895,0,,0,False,0.0,,
mdb-165,Rio Metro Regional Transit District,US,93,739,30,120.0,60.0,0.9715832205683356,0.9872389791183295,declared,0.011547344110854504,0.9871495327102804,1.0,distance,0,,10,0.0,0,False,,,
mdb-166,ABQ RIDE,US,992,46256,243,46.0,1.0,0.013857661708751298,0.14868354216051474,declared,0.8647350152387403,1.0,0.015517536774604107,distance,33484,0.32331859992832396,0,,0,False,8.501438304314913,,
mdb-17,Yuma County Intergovernmental Public Transportation Authority (YCIPTA),US,136,102,5,180.0,60.0,1.0,1.0,not_declared,,,,,0,,0,,0,False,0.0,,
mdb-170,Utah Transit Authority (UTA),US,5182,225617,404,46.0,1.0,0.054707756950938984,0.21041277707265726,declared,0.8016816041515956,0.9998471014809314,0.01512408885334659,distance,157520,0.39233748095479937,0,,2,True,6.67782027086428,0.0,True
mdb-171,Pocatello Regional Transit,US,91,4116,140,42.0,1.0,0.038872691933916424,0.2407891609222724,declared,0.7727596862372237,1.0,0.01753306674869271,distance,3194,1.0,0,,0,False,0.4252873563218388,,
mdb-172,Colorado Mountain Express,US,116,197,6,1200.0,300.0,1.0,1.0,declared,0.8944954128440367,1.0,1.0,distance,0,,0,,0,False,,,
mdb-174,Vail Transit,US,524,7649,73,63.0,1.0,0.6472741534841155,0.7241337679584692,declared,0.3029095738259085,0.991513682022861,0.10880829015544041,distance,2236,0.657871198568873,49,0.0,0,False,2.5597827009591714,,
mdb-1791,City Transport Secretary of Rio de Janeiro,BR,8500,487348,1480,53.0,1.0,0.014347037435261866,0.0329051787943507,not_declared,,,,,0,,0,,0,False,8.323030073214271,,
mdb-1807,SOMATRA,ML,210,8612,553,48.0,1.0,0.01149558755225267,0.041694992068887375,not_declared,,,,,0,,0,,0,False,,,
mdb-1808,Anbessa City Bus Service Enterprise,ET,106,1648,1,900.0,,1.0,1.0,not_declared,,,,,0,,0,,0,False,,,
mdb-181,University of Colorado Boulder,US,90,812,28,73.0,1.0,0.0,0.19955654101995565,declared,0.8004434589800443,1.0,0.0,distance,722,1.0,0,,0,False,1.2832892416225745,,
mdb-1813,"14-Seater Paratransit Taxi, Buses operated by Pioneer or Awakula Enumme",UG,4696,136104,870,55.0,1.0,0.01357050490801152,0.01596590909090909,not_declared,,,,,0,,0,,0,False,,,
mdb-1814,INGEROP,GH,668,169,139,412.0,1.0,0.023668639053254437,0.03143712574850299,not_declared,,,,,0,,0,,0,False,,,
mdb-1815,DigitalMatatus,KE,272,7261,246,46.0,1.0,0.00977826745627324,0.016859153059869906,not_declared,,,,,0,,0,,0,False,,,
mdb-1816,Vitalis Transport,MA,2600,54340,17,120.0,1.0,0.9076555023923445,0.9178074988168066,not_declared,,,,,0,,0,,0,False,,,
mdb-182,Campus Area Rapid Transit (CART),US,205,1055,7,60.0,60.0,1.0,1.0,not_declared,,,,,0,,0,,0,False,0.0,,
mdb-1823,Eshot,TR,24856,794648,723,64.0,1.0,0.024366763648810543,0.018001759542958108,not_declared,,,,,0,,0,,0,False,0.0,,
mdb-1826,Bettendorf Transit,US,78,1628,8,60.0,60.0,1.0,1.0,declared,0.8158980127484065,1.0,1.0,distance,0,,0,,0,False,,,
mdb-1827,Ljubljanski Potniški Promet,SI,1863,43447,9,60.0,60.0,1.0,1.0,not_declared,,,,,0,,0,,0,False,15.207040644540646,,
mdb-1830,"Pumabús, Corredores Concesionados, Sistema de Transporte Colectivo Metro, Metrobús, Servicio de Tren Ligero, Ferrocarriles Suburbanos, Trolebús, Red de Transporte de Pasajeros, Cablebus",MX,656,24823,597,75.0,1.0,0.014502678967086976,0.041700960219478736,not_declared,,,,,0,,0,,0,False,,,
mdb-1831,Office of Transport and Traffic Policy and Planning,LA,2572,77458,219,75.0,1.0,0.5472901443362854,0.41689143833526576,not_declared,,,,,0,,0,,0,False,,,
mdb-1833,Alytus,LT,315,5432,4,60.0,60.0,1.0,1.0,not_declared,,,,,0,,0,,0,False,3.255813953488372,,
mdb-1834,Busturas,LT,1433,27664,11,60.0,60.0,1.0,1.0,not_declared,,,,,0,,0,,0,False,16.203790332253806,,
mdb-1835,Kochi buses and boats,IN,917,45621,323,70.0,1.0,0.016483636921593128,0.0373888005500881,not_declared,,,,,0,,0,,0,False,,,
mdb-1837,BreizhGo,FR,15790,323289,44,60.0,60.0,1.0,1.0,not_declared,,,,,0,,0,,3,True,10.08133960572984,14.906451859496235,False
mdb-184,Metropolitan Tulsa Transit Authority (MTTA),US,712,30509,251,53.0,1.0,0.024058474548493886,0.17987892764485441,declared,0.8398513820825726,0.9936,0.024713016284657337,distance,21101,0.3792711245912516,30,0.0,0,False,0.8691437802907916,,
mdb-1842,UCSC Transportation and Parking Services,US,249,3047,77,78.0,1.0,0.06432556613062028,0.39775485436893204,declared,0.6259101941747572,1.0,0.03780901599612215,distance,1985,1.0,0,,0,False,4.58603896103896,,
mdb-1846,Washington Metropolitan Area Transit Authority (WMATA),US,14842,560868,516,55.0,1.0,0.024285571649657316,0.18638898056313075,declared,0.8313143770301019,1.0,0.021295623030698124,stopcount,468076,0.02654483459950948,0,,0,False,10.006427412461823,,
mdb-1858,Belleville Transit,CA,556,7240,5,60.0,60.0,1.0,1.0,declared,0.7694039451114922,1.0,1.0,distance,0,,0,,0,False,6.792929292929293,,
mdb-1859,Société nationale des chemins de fer belges (NMBS-SNCB),FR,299,1114,22,720.0,60.0,1.0,1.0,not_declared,,,,,0,,0,,0,False,,,
mdb-1868,TEC,BE,20181,532035,29,60.0,60.0,1.0,1.0,not_declared,,,,,0,,0,,2,True,7.952316835202163,2.6260499011857705,True
mdb-187,Kansas City Area Transportation Authority (KCATA),US,1589,68153,230,43.0,1.0,0.037753290390738485,0.20416201197330355,declared,0.8089427401105669,1.0,0.01619985128005382,distance,46815,0.38632916800170886,0,,1,True,1.4654516445753558,9.117647058823529,False
mdb-1870,Generalitat Valenciana (Intercity bus),ES,3629,64417,51,120.0,60.0,1.0,1.0,not_declared,,,,,0,,0,,0,False,9.063083502842538,,
mdb-1877,SURF,FR,229,3109,8,60.0,60.0,1.0,1.0,not_declared,,,,,0,,0,,0,False,8.03061224489796,,
mdb-1878,CAA,FR,2104,32458,15,60.0,60.0,1.0,1.0,not_declared,,,,,0,,0,,0,False,13.0844846132754,,
mdb-1880,Proxim iTi,FR,149,2268,27,120.0,20.0,0.9514991181657848,0.9751758378154737,declared,0.01466275659824047,0.9702380952380952,0.0,distance,5,1.0,10,0.5,0,False,,,
mdb-1887,Néva,FR,123,2492,22,60.0,1.0,0.9931781701444623,0.9824091778202677,not_declared,,,,,0,,0,,0,False,10.173515981735159,,
mdb-1889,Ales'Y,FR,87,871,3,60.0,60.0,1.0,1.0,not_declared,,,,,0,,0,,0,False,0.0,,
mdb-1901,"Dopravní podnik města Olomouce, a. s.",CZ,1297,16591,9,120.0,60.0,1.0,1.0,not_declared,,,,,0,,0,,1,True,0.7327586206896551,0.0,True
mdb-1902,"Dopravní podnik měst Liberce a Jablonce nad Nisou, a. s.",CZ,1607,20360,9,60.0,60.0,1.0,1.0,not_declared,,,,,0,,0,,1,True,1.6793606945540647,0.0,True
mdb-1903,V-BUSZ KFT,HU,852,14152,6,60.0,60.0,1.0,1.0,not_declared,,,,,0,,0,,0,False,5.811965811965812,,
mdb-1905,Grand Canyon National Park,US,236,2590,43,244.0,6.0,0.0,0.1737438075017693,declared,0.8262561924982307,1.0,0.0,distance,2335,1.0,0,,0,False,0.3383838383838385,,
mdb-1907,Białostocka Komunikacja Miejska,PL,3563,89815,7,60.0,60.0,1.0,1.0,not_declared,,,,,0,,0,,0,False,3.8554197994987467,,
mdb-1909,Transjakarta,ID,662,24720,801,88.0,1.0,0.016181229773462782,0.018479927653049188,declared,0.9999537700522398,0.0,0.018030513176144243,stopcount,0,,0,,0,False,,,
mdb-191,Sioux City Transit System,US,254,5296,9,60.0,60.0,1.0,1.0,not_declared,,,,,0,,0,,0,False,,,
mdb-1913,Transporte Públicos de Andalucía,ES,64,206,5,119.0,60.0,0.0,0.0070921985815602835,not_declared,,,,,0,,0,,0,False,,,
mdb-1914,"Ayuntamiento del Municipio de Santiago, Oficina Metropolitana de Servicios de Autobuses, Instituto Nacional de Tránsito y Transporte Terrestre",DO,151,7197,225,21.0,1.0,0.006669445602334306,0.036563816773141224,not_declared,,,,,0,,0,,0,False,,,
mdb-1915,OSYPA,CY,888,13723,23,60.0,60.0,1.0,1.0,not_declared,,,,,0,,0,,0,False,24.36209335219236,,
mdb-1916,OSEA,CY,387,18419,20,60.0,60.0,1.0,1.0,not_declared,,,,,0,,0,,0,False,15.310952380952381,,
mdb-1917,Intercity buses,CY,286,3497,44,180.0,60.0,1.0,1.0,not_declared,,,,,0,,0,,0,False,39.77777777777778,,
mdb-1918,NPT,CY,2244,45735,27,60.0,60.0,1.0,1.0,not_declared,,,,,0,,0,,0,False,8.438622295765153,,
mdb-1927,Transportes Urbanos de Braga (TUB),PT,2116,62284,91,69.0,1.0,0.02048680238905658,0.14406832298136646,not_declared,,,,,0,,0,,0,False,2.5618779178338005,,
mdb-1928,Brighton & Hove Bus,GB,3807,162572,329,60.0,1.0,0.11249784710774303,0.3351164696242538,not_declared,,,,,0,,0,,0,False,11.590944432489048,,
mdb-1929,Borders Buses,GB,474,17626,14,60.0,60.0,1.0,1.0,not_declared,,,,,0,,0,,0,False,2.3095238095238093,,
mdb-193,Des Moines Area Regional Transit Authority (DART),US,664,28452,151,48.0,1.0,0.016554196541543654,0.15372990795438934,declared,0.8570888858359664,1.0,0.012622720897615708,distance,20249,0.3723146822065287,0,,0,False,3.2780650175723167,,
mdb-1930,Blackpool Transport,GB,896,41052,9,60.0,60.0,1.0,1.0,not_declared,,,,,0,,0,,1,True,1.6619149260558013,15.338345864661655,False
mdb-1931,Cardiff Bus,GB,2256,70054,15,60.0,60.0,1.0,1.0,not_declared,,,,,0,,0,,0,False,16.178941047246578,,
mdb-1932,Carousel Buses,GB,1403,44236,96,60.0,1.0,0.997016005063749,0.9981701900870492,not_declared,,,,,0,,0,,0,False,13.329782790309105,,
mdb-1933,East Yorkshire,GB,1107,38831,22,60.0,60.0,1.0,1.0,not_declared,,,,,0,,0,,0,False,14.400428265524626,,
mdb-1934,Go Cornwall Bus,GB,2140,64804,197,60.0,1.0,0.9351583235602741,0.9641036174274461,not_declared,,,,,0,,0,,0,False,4.907801418439717,,
mdb-1935,Go North East,GB,5501,199364,23,60.0,60.0,1.0,1.0,not_declared,,,,,0,,0,,0,False,8.292421093586896,,
mdb-1938,Hedingham and Chambers,GB,985,28387,14,60.0,60.0,1.0,1.0,not_declared,,,,,0,,0,,0,False,5.357142857142857,,
mdb-1939,Intalink,GB,4916,170297,33,60.0,60.0,1.0,1.0,not_declared,,,,,0,,0,,0,False,14.251236430227843,,
mdb-1940,konectbus,GB,576,12736,25,60.0,60.0,1.0,1.0,not_declared,,,,,0,,0,,0,False,21.52238805970149,,
mdb-1941,McGill's Buses,GB,2803,85534,32,60.0,60.0,1.0,1.0,not_declared,,,,,0,,0,,0,False,5.178575058841134,,
mdb-1942,Metrobus,GB,2194,77215,12,60.0,60.0,1.0,1.0,not_declared,,,,,0,,0,,0,False,11.645629833129833,,
mdb-1943,Morebus,GB,2564,110800,17,60.0,60.0,1.0,1.0,not_declared,,,,,0,,0,,0,False,9.223822996974022,,
mdb-1944,Newbury & District,GB,331,7321,20,60.0,60.0,1.0,1.0,not_declared,,,,,0,,0,,0,False,13.12280701754386,,
mdb-1945,Newport Bus,GB,1003,25960,27,60.0,60.0,1.0,1.0,not_declared,,,,,0,,0,,0,False,11.337061514997458,,
mdb-1946,Nottingham City Transport,GB,4475,115298,11,60.0,60.0,1.0,1.0,not_declared,,,,,0,,0,,0,False,7.260557168067599,,
mdb-1947,Oxford Bus,GB,4390,104233,35,60.0,60.0,1.0,1.0,not_declared,,,,,0,,0,,0,False,15.90679334292007,,
mdb-1948,Plymouth Citybus,GB,1488,42156,16,60.0,60.0,1.0,1.0,not_declared,,,,,0,,0,,0,False,8.171651495448634,,
mdb-1949,Reading Buses,GB,2690,67141,33,60.0,60.0,1.0,1.0,not_declared,,,,,0,,0,,0,False,13.527703546453546,,
mdb-195,10-15 Transit,US,71,69,6,420.0,60.0,1.0,1.0,declared,0.6942567567567568,1.0,,distance,0,,0,,0,False,0.0,,
mdb-1950,Salisbury Reds,GB,932,29131,19,60.0,60.0,1.0,1.0,not_declared,,,,,0,,0,,0,False,8.157534246575343,,
mdb-1951,Southern Vectis,GB,913,30675,15,60.0,60.0,1.0,1.0,not_declared,,,,,0,,0,,0,False,10.208195213877032,,
mdb-1952,Swindon's Bus Company,GB,1205,37666,32,60.0,60.0,1.0,1.0,not_declared,,,,,0,,0,,0,False,6.36158889419759,,
mdb-1953,Transdev Blazefield,GB,3587,131405,28,60.0,60.0,1.0,1.0,not_declared,,,,,0,,0,,0,False,9.959909983997916,,
mdb-1956,Warrington's Own Buses,GB,1030,27856,13,60.0,60.0,1.0,1.0,not_declared,,,,,0,,0,,0,False,11.186781609195403,,
mdb-1957,West Coast Motors,GB,947,25864,23,60.0,60.0,1.0,1.0,not_declared,,,,,0,,0,,0,False,6.253063725490196,,
mdb-1958,Dartmouth College,US,70,674,8,120.0,60.0,0.9050445103857567,0.956989247311828,declared,0.3870967741935484,1.0,0.8888888888888888,distance,0,,0,,0,False,0.0,,
mdb-196,Coralville Transit,US,121,26,4,360.0,60.0,1.0,1.0,declared,0.7492007104795737,1.0,,distance,0,,0,,0,False,0.0,,
mdb-1961,"Kigali Bus Services, Rwanda Federation of Transport Cooperatives (RFTC), Royal Express",RW,178,1946,430,157.0,1.0,0.019527235354573486,0.016941176470588234,not_declared,,,,,0,,0,,0,False,,,
mdb-1962,"Kigali Bus Services, Rwanda Federation of Transport Cooperatives (RFTC), Royal Express",RW,96,1020,284,144.0,1.0,0.016666666666666666,0.021505376344086023,not_declared,,,,,0,,0,,0,False,,,
mdb-1963,"Esprit de Mort, Esprit de Vie, Transco, Taxi Jaune, Moto",CD,477,2856,776,142.5,1.0,0.011204481792717087,0.014092953523238382,not_declared,,,,,0,,0,,0,False,,,
mdb-197,University of Iowa - CAMBUS (CAMBUS),US,476,4590,9,60.0,60.0,1.0,1.0,declared,0.6371148218281977,1.0,1.0,distance,0,,0,,0,False,10.50310559006211,,
mdb-1971,Link Transit,US,103,2279,34,100.0,1.0,0.15796401930671347,0.3811922753988245,declared,0.8056255247691015,1.0,0.23189161021365295,distance,1098,0.020036429872495445,0,,0,False,,,
mdb-1973,Athens Public Transit,US,154,2825,14,60.0,30.0,0.7161061946902655,0.8653910708291372,not_declared,,,,,0,,0,,0,False,,,
mdb-1974,Tri Delta Transit,US,483,14940,288,77.0,1.0,0.010240963855421687,0.14186604421967192,declared,0.858133955780328,1.0,0.0,stopcount,13235,0.022893842085379677,0,,0,False,5.547642993979201,,
mdb-1979,Mountain Line Transit,US,427,7021,8,60.0,60.0,1.0,1.0,declared,0.6872976822478312,1.0,1.0,distance,0,,0,,0,False,4.11976911976912,,
mdb-1984,Consiliul Judetean Vrancea,RO,980,11469,21,240.0,60.0,1.0,1.0,not_declared,,,,,0,,0,,0,False,0.0,,
mdb-1985,Aeroexpreso,PE,98,1589,39,60.0,30.0,0.7029578351164254,0.5840807174887892,not_declared,,,,,0,,0,,0,False,,,
mdb-1991,BC Transit (Central Fraser Valley | Chilliwack | Agassiz-Harrison | Hope),CA,968,22387,35,60.0,60.0,1.0,1.0,declared,0.8156267753901681,1.0,1.0,distance,0,,0,,0,False,13.773340370631011,,
mdb-1992,Red Deer Transit,CA,724,19283,223,49.0,1.0,0.01436498470155059,0.1655420602789024,declared,0.8479032338681461,1.0,0.01585710917236501,distance,16650,0.07207207207207207,0,,0,False,0.23642732049036777,,
mdb-1993,Go Transit,CA,1300,22435,59,120.0,60.0,1.0,1.0,not_declared,,,,,0,,0,,1,True,45.75740925740925,34.51604554865425,True
mdb-1994,Brampton Transit,CA,5152,151369,11,60.0,60.0,1.0,1.0,declared,0.7882142611565701,1.0,1.0,stopcount,0,,0,,0,False,9.30111946954787,,
mdb-1996,Société de Transport de Sherbrooke,CA,1876,55585,267,38.0,1.0,0.06210308536475668,0.31243800142705486,not_declared,,,,,0,,0,,0,False,5.453283530414403,,
mdb-1997,Lethbridge Transit,CA,579,15989,135,45.0,1.0,0.010257051723059603,0.17014727184934814,declared,0.8391477547078706,1.0,0.011076746026037546,distance,13749,1.0,0,,0,False,2.042623521224774,,
mdb-1999,Beach Cities Transit,US,103,4001,5,60.0,60.0,1.0,1.0,declared,0.8830270697490614,1.0,1.0,distance,0,,0,,0,False,2.2698412698412698,,
mdb-2,London Transit Commission,CA,2923,119015,258,47.0,1.0,0.02588749317312944,0.1962982401469551,declared,0.8177330206163586,0.9994600917843967,0.01727907256608769,stopcount,97896,0.04963430579390374,0,,0,False,7.673993535019613,,
mdb-20,Redwood Coast Transit (RCT),US,61,53,5,60.0,120.0,1.0,1.0,declared,0.7061822817080943,1.0,1.0,distance,0,,0,,0,False,,,
mdb-200,MuscaBus,US,81,58,2,240.0,,1.0,1.0,declared,0.8410641200545702,1.0,,distance,0,,0,,0,False,,,
mdb-2000,Red Rose Transit Authority (RRTA),US,568,27394,227,39.0,1.0,0.021464554281959553,0.1315714183534797,declared,0.8801587869251126,1.0,0.013327373938482791,distance,24283,0.40674545978668203,0,,0,False,3.3148632926119834,,
mdb-2001,Stark Area Regional Transit Authority (SARTA),US,839,25757,195,40.0,1.0,0.016034476064759096,0.1350955030831704,declared,0.877951571664912,1.0,0.014860813704496788,distance,13697,0.2685989632766299,0,,0,False,0.0,,
mdb-2008,ASPO Olbia,IT,357,13165,152,46.0,1.0,0.346524876566654,0.33897803741773275,not_declared,,,,,0,,0,,0,False,2.7746198830409354,,
mdb-2009,Azienda Trasporti Pubblici (ATP Sassari),IT,961,27864,6,60.0,60.0,1.0,1.0,not_declared,,,,,0,,0,,0,False,,,
mdb-201,Metro Rock Island County Metropolitan Mass Transit District,US,730,34578,225,39.0,1.0,0.009456880097171612,0.12637998701188694,declared,0.914956094530875,0.999003984063745,0.04527079154451474,distance,30938,0.28654082358264915,3,0.0,0,False,0.6108782435129742,,
mdb-2016,Liepājas sabiedriskais transports,LV,565,14183,5,60.0,60.0,1.0,1.0,not_declared,,,,,0,,0,,0,False,0.7671957671957673,,
mdb-2017,Rēzeknes satiksme,LV,374,5804,18,120.0,60.0,1.0,1.0,not_declared,,,,,0,,0,,0,False,,,
mdb-2019,Rockford Mass Transit District,US,220,4038,119,37.0,1.0,0.005448241703813769,0.20831376232973225,declared,0.8250352278064819,1.0,0.04042129234272701,distance,3371,0.1919311776920795,0,,0,False,0.0,,
mdb-202,Clinton Municipal Transit Administration (Clinton MTA),US,127,2793,5,60.0,60.0,1.0,1.0,declared,0.7783317353787153,1.0,1.0,distance,0,,0,,0,False,0.0,,
mdb-2021,STP Brindisi,IT,502,14437,39,60.0,60.0,0.9939738172750572,0.991278345377523,not_declared,,,,,0,,0,,0,False,21.785714285714285,,
mdb-203,Dodger Area Rapid Transit,US,76,1739,3,60.0,60.0,1.0,1.0,declared,0.700888450148075,1.0,1.0,distance,0,,0,,0,False,0.0,,
mdb-2032,City of Winona MN - Winona Transit Service,US,72,701,10,120.0,60.0,1.0,1.0,not_declared,,,,,0,,0,,0,False,5.0,,
mdb-2033,Secretaría de Movilidad Oaxaca,MX,2618,161886,38,95.0,1.0,0.034950520736814795,0.26361061129212665,not_declared,,,,,0,,0,,0,False,0.0,,
mdb-204,Mason City Public Transit,US,132,484,7,180.0,60.0,1.0,1.0,declared,0.47115384615384615,1.0,,distance,0,,0,,0,False,0.0,,
mdb-2041,Blackhawk and Central City Tramway,US,66,33,1,172.0,,0.0,0.19047619047619047,declared,0.8974358974358975,1.0,0.0,distance,561,0.9411764705882353,0,,0,False,,,
mdb-2047,Estes Transit,US,108,372,9,180.0,60.0,0.8709677419354839,0.8151260504201681,declared,0.9090909090909091,1.0,0.7821782178217822,distance,0,,0,,0,False,,,
mdb-205,Metro Transit,US,7642,243549,38,60.0,60.0,1.0,1.0,declared,0.8423374826298292,1.0,1.0,distance,0,,0,,1,True,6.031898877910416,0.0,True
mdb-2054,Regional Transportation District,US,7802,310672,471,52.0,1.0,0.02907889993304836,0.20527516100596968,not_declared,,,,,0,,0,,2,True,7.55643221610455,1.2668918918918919,True
mdb-206,Minnesota Valley Transit Authority (MVTA),US,585,13605,49,60.0,1.0,0.6401323042998898,0.8180408738548274,declared,0.7610288935870331,1.0,0.7609037873877211,distance,2582,0.013555383423702556,0,,0,False,9.606707317073171,,
mdb-2060,METRO Houston,US,8393,520354,512,41.0,1.0,0.017516921172893836,0.12441489029724992,declared,0.8898641505294592,1.0,0.016046315404675323,distance,393618,0.24431809520906056,0,,1,True,5.316735006818524,0.0,True
mdb-2062,Embark,US,1626,47470,211,58.0,1.0,0.043943543290499265,0.20148557048341925,declared,0.8458416203271503,1.0,0.055952780843610536,distance,39346,0.1806282722513089,0,,1,True,0.5671327119396361,0.073863636363637,True
mdb-2064,Berks Area Regional Transportation Authority (BARTA),US,854,23053,272,47.0,1.0,0.020778206740988157,0.1825825072154599,declared,0.835529342870289,1.0,0.02167709637046308,distance,19542,0.23452051990584383,0,,0,False,6.155075757575758,,
mdb-2065,Capital Area Transit System (CATS),US,687,29953,26,59.0,1.0,0.31876606683804626,0.6224216710182767,declared,0.9090078328981723,1.0,0.5846258796495764,distance,11569,0.03941567983403924,0,,0,False,7.455211024978467,,
mdb-2066,Bloomington Transit,US,555,13421,21,60.0,10.0,0.5057745324491468,0.729965655409273,declared,0.8056668574699485,0.8545655375552282,0.699911190053286,distance,3349,0.07315616601970737,339,0.0,0,False,2.4835526315789473,,
mdb-2067,Lextran,US,1385,25572,210,59.0,1.0,0.021234162365086812,0.20692213525243908,declared,0.8038728345142263,1.0,0.013428703276419013,distance,21379,1.0,0,,0,False,8.011762108552409,,
mdb-2068,Transit Authority of Northern Kentucky (TANK),US,780,24063,220,40.0,1.0,0.028009807588413746,0.19136175180131224,declared,0.8130258020367911,1.0,0.0053965739182097235,distance,20089,0.7823684603514361,0,,0,False,0.012121212121212121,,
mdb-2069,Valley Transit (WI),US,394,6668,5,60.0,60.0,1.0,1.0,declared,0.8474898881751131,1.0,1.0,distance,0,,0,,0,False,0.0,,
mdb-2071,Akron Metro Regional Transit Authority (METRO),US,1486,43968,21,60.0,60.0,1.0,1.0,declared,0.888833746898263,1.0,1.0,distance,0,,0,,0,False,3.9617940199335546,,
mdb-2072,University of Michigan Transit Services,US,865,11456,122,82.0,1.0,0.02706005586592179,0.20826231637042447,declared,0.8031815599383167,1.0,0.014248181083265966,distance,9755,0.058944131214761664,0,,0,False,2.294970986460348,,
mdb-2074,Capital Area Transit (GoRaleigh),US,2619,65431,220,56.0,1.0,0.015833473430025523,0.1566348273328435,declared,0.8647318148420279,0.997827267789245,0.025048857167133995,distance,57371,0.06602638963936483,0,,0,False,0.164732770745429,,
mdb-2075,RoadRUNNER Transit,US,327,442,5,120.0,60.0,0.9773755656108597,0.9812248547161377,declared,0.8044303148395037,0.9779758783429471,1.0,distance,0,,16,0.0,0,False,,,
mdb-2076,Greeley-Evans Transit (GET),US,249,6682,87,45.0,1.0,0.021400778210116732,0.18366758043572357,declared,0.8179194921367768,1.0,0.0019403774916210972,distance,5658,1.0,0,,0,False,0.0,,
mdb-2078,Divers opérateurs,CI,980,14564,1089,85.0,1.0,0.015723702279593518,0.1386852005356118,not_declared,,,,,0,,0,,0,False,,,
mdb-2079,Broome County Transit (B.C. Transit),US,466,65,7,120.0,30.0,0.8153846153846154,0.9931740614334471,not_declared,,,,,0,,0,,0,False,,,
mdb-208,Eau Claire Transit,US,230,5237,9,60.0,60.0,1.0,1.0,not_declared,,,,,0,,0,,0,False,,,
mdb-2082,Chattanooga Area Regional Transportation Authority (CARTA),US,803,36069,264,33.0,1.0,0.004713188610718346,0.0781351703189412,declared,0.9340149707094815,0.9560213727907932,0.016115450506692993,distance,33884,0.09390862944162437,104,0.0,0,False,0.556781660032434,,
mdb-2083,The Jule,US,209,4522,130,53.0,1.0,0.2664750110570544,0.5578101881209047,declared,0.4578313253012048,1.0,0.034164358264081256,distance,2092,1.0,0,,0,False,0.0,,
mdb-2084,Miejski Zakład Komunikacji w Wejherowie (MZK Wejherowo),PL,677,14603,4,60.0,60.0,1.0,1.0,not_declared,,,,,0,,0,,0,False,2.0589484864577803,,
mdb-2085,Komunikacja Autobusowa Świnoujście (KA Świnoujście),PL,393,8444,7,60.0,60.0,1.0,1.0,not_declared,,,,,0,,0,,0,False,0.0,,
mdb-2086,Miejski Zakład Komunikacji w Ełku (MZK Ełk),PL,363,7678,11,60.0,60.0,1.0,1.0,not_declared,,,,,0,,0,,0,False,2.218487394957983,,
mdb-2087,Polregio,PL,365,2213,33,480.0,60.0,1.0,1.0,not_declared,,,,,0,,0,,1,False,40.74285714285714,15.488299319727892,
mdb-2088,Polskie Koleje Państwowe Intercity (PKP Intercity),PL,59,144,28,1620.0,60.0,0.9930555555555556,0.9950738916256158,not_declared,,,,,0,,0,,1,False,,24.14772727272727,
mdb-2089,Urząd Miasta Torunia (MZK Toruń),PL,2204,45148,10,120.0,60.0,1.0,1.0,not_declared,,,,,0,,0,,1,True,3.545598845598845,0.0,True
mdb-2090,MZDiK Radom,PL,2122,52413,6,60.0,60.0,1.0,1.0,not_declared,,,,,0,,0,,0,False,6.288466140224934,,
mdb-2091,Warszawska Kolej Dojazdowa (WKD),PL,78,78,1,540.0,,1.0,1.0,not_declared,,,,,0,,0,,1,False,0.0,0.6521739130434783,
mdb-2092,Warszawski Transport Publiczny (ZTM Warszawa),PL,28376,673260,44,60.0,60.0,0.9519145649526186,0.9734335182345262,not_declared,,,,,0,,0,,2,True,4.95014667095106,3.9655172413793105,True
mdb-2093,Zarząd Transportu Miejskiego Gdańsk (ZTM Gdańsk),PL,5435,106340,11,60.0,60.0,1.0,1.0,not_declared,,,,,0,,0,,1,True,9.135684653228513,0.0,True
mdb-2098,Asociația de Dezvoltare Intercomunitară pentru Transport Public București – Ilfov (TPBI),RO,22870,470562,44,120.0,60.0,0.9998809933653802,0.9998456802030848,not_declared,,,,,0,,0,,1,True,27.448453709504285,19.544181130227315,True
mdb-2099,Tursib Sibiu,RO,2396,41632,12,50.0,60.0,0.0,0.0,not_declared,,,,,0,,0,,0,False,0.07142857142857142,,
mdb-210,Allen County Regional Transit Authority,US,141,4103,10,60.0,60.0,1.0,1.0,declared,0.09119965906669508,1.0,1.0,distance,0,,0,,0,False,0.0,,
mdb-2100,CT BUS Constanța,RO,3156,67596,7,120.0,60.0,1.0,1.0,not_declared,,,,,0,,0,,0,False,1.8759398496240602,,
mdb-2101,Oradea Transport Local,RO,1766,19019,40,120.0,60.0,0.9997371050002629,0.9997626394493235,not_declared,,,,,0,,0,,1,True,4.2032034632034625,12.997627793082339,False
mdb-2102,Transurbis Zalău,RO,1768,20725,13,120.0,60.0,1.0,1.0,not_declared,,,,,0,,0,,0,False,0.0,,
mdb-2106,Transbus Buzău,RO,955,22146,15,110.0,60.0,0.0,0.0,not_declared,,,,,0,,0,,0,False,0.0,,
mdb-2107,Servicii Publice Municipale Târgoviște,RO,521,10214,5,110.0,60.0,0.0,0.0,not_declared,,,,,0,,0,,0,False,0.0,,
mdb-2108,Transport Călători Express Ploiești,RO,2762,28685,12,110.0,60.0,0.0,0.0,not_declared,,,,,0,,0,,1,True,0.0,0.0,False
mdb-2114,Transport Urban Sinaia,RO,108,1247,9,120.0,60.0,1.0,1.0,not_declared,,,,,0,,0,,0,False,,,
mdb-2115,RAT Craiova,RO,1356,36700,24,120.0,30.0,0.9183651226158038,0.07578305654824469,not_declared,,,,,0,,0,,1,True,0.0,0.0,False
mdb-2116,Compania de Transport Public Iași,RO,3464,58823,14,120.0,60.0,1.0,1.0,not_declared,,,,,0,,0,,1,True,0.0,0.0,False
mdb-2119,Trolleybus Transport Pleven,BG,1388,19219,9,120.0,30.0,0.980644154222384,0.9788906682195371,not_declared,,,,,0,,0,,0,False,0.0,,
mdb-212,All Points Transit,US,63,184,8,300.0,120.0,1.0,1.0,declared,0.5934065934065934,1.0,,distance,0,,0,,0,False,,,
mdb-2121,Compania de Transport Public Cluj-Napoca,RO,7104,87917,29,120.0,60.0,1.0,1.0,not_declared,,,,,0,,0,,1,True,0.0,0.0,False
mdb-2122,Ben Franklin Transit,US,1377,34929,213,45.0,1.0,0.019639840819949038,0.21401421252685507,declared,0.7974990359720157,1.0,0.01443669268494854,distance,28536,0.9681805438744042,0,,0,False,4.541412845083276,,
mdb-2126,Société de transport de Montréal (STM),CA,17338,612197,481,54.0,1.0,0.05501170374895663,0.258501910140024,not_declared,,,,,0,,0,,1,True,7.333024025279024,5.490379053508063,True
mdb-2127,Milwaukee County Transit System (MCTS),US,4308,168719,16,60.0,60.0,1.0,1.0,not_declared,,,,,0,,0,,0,False,5.090521488579742,,
mdb-213,Amarillo City Transit,US,344,4509,12,60.0,60.0,1.0,1.0,not_declared,,,,,0,,0,,0,False,4.848484848484849,,
mdb-2131,Saint John Transit,CA,483,10800,10,60.0,60.0,1.0,1.0,not_declared,,,,,0,,0,,0,False,0.2864583333333333,,
mdb-2132,T3 Transit,CA,342,9402,210,39.0,1.0,0.10625398851308232,0.3450210378681627,declared,0.6876377479463034,0.9983964079538166,0.04822261072261072,distance,5801,0.9112222030684365,5,1.0,0,False,1.647877145438121,,
mdb-2134,Daytrip Shuttle,MX,80,214,8,600.0,300.0,1.0,1.0,declared,0.8475609756097561,1.0,1.0,stopcount,0,,0,,0,False,,,
mdb-2136,Elk Grove Transit,US,262,5949,13,60.0,60.0,1.0,1.0,declared,0.8254247954688483,1.0,1.0,distance,0,,0,,0,False,0.0,,
mdb-214,Antelope Valley Transit Authority (AVTA),US,314,10858,31,60.0,1.0,0.7505986369497145,0.8770000893894699,declared,0.8282828282828283,1.0,0.8515001079214332,distance,1376,0.038517441860465115,0,,0,False,15.186363636363637,,
mdb-2141,Consorcio de Transportes de Mallorca,ES,1736,24604,74,120.0,60.0,0.9847179320435702,0.9921032649962035,declared,0.5565679574791192,0.9943493150684931,0.9903137789904503,stopcount,142,0.0,66,0.015151515151515152,0,False,17.190647482014388,,
mdb-2142,Exo Le Richelain / Roussillon,CA,919,20597,195,43.0,1.0,0.05384279263970481,0.2862056144264733,declared,0.7246235359732293,1.0,0.014944519273940094,distance,15358,0.9950514389894517,0,,0,False,2.4349947572043247,,
mdb-2143,Regia Autonomă De Transport Brașov,RO,4704,66185,24,120.0,60.0,0.9780614942962907,0.9896316776932952,not_declared,,,,,0,,0,,0,False,0.0,,
mdb-2146,Albany Transit System,US,220,3630,6,60.0,60.0,1.0,1.0,declared,0.8668807994289793,1.0,1.0,distance,0,,0,,0,False,0.0,,
mdb-2148,Sociedade de Transportes Colectivos do Porto (STCP),PT,5594,194384,384,64.0,1.0,0.020711581200098774,0.16271279654025947,not_declared,,,,,0,,0,,0,False,11.725882772782274,,
mdb-2149,BurbankBus,US,99,2217,8,60.0,60.0,1.0,1.0,not_declared,,,,,0,,0,,0,False,0.0,,
mdb-2154,Ottawa-Carleton Regional Transit Commission (OC Transpo),CA,6986,284519,555,44.0,1.0,0.02253276582583237,0.16284797859384917,declared,0.8541671669439632,0.9996001035026228,0.01998843345622786,distance,244017,0.10134539806652815,0,,1,True,7.6241992329957915,0.0,True
mdb-2155,Integrated Transit System of the South Moravian Region (IDS JMK),SK,13073,189900,20,120.0,60.0,1.0,1.0,not_declared,,,,,0,,0,,2,True,0.6183364116935227,12.870397643593519,False
mdb-2191,Boulder County,US,112,3080,43,74.0,1.0,0.05454545454545454,0.3157894736842105,declared,0.7543859649122807,1.0,0.09302325581395349,distance,2184,1.0,0,,0,False,0.0,,
mdb-2195,San Miguel County,US,141,1331,32,120.0,60.0,0.941397445529677,0.9639945652173914,declared,0.3546195652173913,1.0,0.8984674329501916,distance,53,0.16981132075471697,0,,0,False,0.0,,
mdb-2199,Cities Area Transit,US,252,5240,125,60.0,1.0,0.2954198473282443,0.5191187181354697,declared,0.4919883466860889,1.0,0.022575869726128794,distance,2641,0.9791745550927679,0,,0,False,0.0,,
mdb-220,City of Banning Transit,US,53,1923,92,51.0,1.0,0.05408216328653146,0.2408906882591093,declared,0.7753036437246964,1.0,0.020887728459530026,distance,1500,0.8693333333333333,0,,0,False,0.0,,
mdb-2200,TMT Trujillo - Gerencia de Transporte,PE,102,20062,138,29.0,1.0,0.0037882564051440536,0.020674268715914726,not_declared,,,,,0,,0,,0,False,,,
mdb-2201,Montebello Bus Lines,US,431,24975,28,60.0,1.0,0.6507707707707707,0.8244902778871133,declared,0.8785326300873809,1.0,0.8002240143369176,distance,4459,0.02399641175151379,0,,0,False,,,
mdb-2204,Kings Area Rural Transit,US,271,5046,222,82.0,1.0,0.01248513674197384,0.16848439262880782,declared,0.8315156073711921,1.0,0.0,stopcount,4422,0.030076888285843508,0,,0,False,0.006172839506172839,,
mdb-2206,Cat Tran Shuttle,US,69,762,10,120.0,60.0,1.0,1.0,declared,0.49166666666666664,1.0,1.0,stopcount,0,,0,,0,False,8.571428571428571,,
mdb-2208,Greater Peoria Mass Transit (CityLink),US,749,23926,182,40.0,1.0,0.014503051074145281,0.17588652482269504,declared,0.833434650455927,1.0,0.011184050571359105,distance,20335,0.975706909269732,0,,0,False,0.05029276453366791,,
mdb-2209,The Comet,US,3288,59704,19,60.0,60.0,1.0,1.0,not_declared,,,,,0,,0,,0,False,3.6769078295341924,,
mdb-2212,Empresa Malagueña de Transportes (EMT),ES,3365,95597,331,84.0,1.0,0.029331464376497172,0.23395848911703482,not_declared,,,,,0,,0,,0,False,7.298797211222954,,
mdb-2224,Emery Go-Round,US,133,2728,9,60.0,30.0,0.8460410557184751,0.9265990912268438,declared,0.8406151695211465,1.0,0.9126819126819127,distance,80,0.0,0,,0,False,9.540816326530612,,
mdb-2231,Karlsruher Verkehrsverbund,DE,8840,105883,21,60.0,60.0,0.9988100072721778,0.9994568169473113,not_declared,,,,,0,,0,,2,True,0.6208787487361093,2.259323882224645,False
mdb-2232,Pueblo Transit,US,308,5777,159,56.0,1.0,0.03565864635624026,0.3080203378710841,declared,0.7205182876824668,1.0,0.03960846801730025,distance,4135,0.7668681983071343,0,,0,False,,,
mdb-2240,Southeast Area Transit District,US,378,7324,15,60.0,60.0,1.0,1.0,declared,0.824013826758845,1.0,1.0,distance,0,,0,,0,False,,,
mdb-2241,Gwinnett County Transit,US,422,27319,159,42.0,1.0,0.008162817087009042,0.0816841498143542,declared,0.9407735842255146,1.0,0.023871561039160088,distance,25475,0.10720314033366045,0,,0,False,,,
mdb-2242,Norwalk Transit System (NTS),US,531,13147,166,54.0,1.0,0.051494637559899595,0.3204415850270507,declared,0.6878198567041965,1.0,0.012011054421768707,distance,9295,0.2776761699838623,0,,0,False,0.0,,
mdb-2243,Arcadia Transit,US,89,131,5,240.0,60.0,1.0,1.0,declared,0.684060042887777,1.0,,distance,0,,0,,0,False,,,
mdb-2244,Concord Kannapolis Area Transit (Rider Transit),US,210,3082,17,60.0,60.0,1.0,1.0,not_declared,,,,,0,,0,,0,False,,,
mdb-2246,Ryde Racine,US,331,17325,206,31.0,1.0,0.006118326118326118,0.13355233348436793,declared,0.8664476665156321,1.0,0.0,stopcount,15298,0.0679827428422016,0,,0,False,0.0340664079344545,,
mdb-225,Anchorage People Mover,US,847,33495,213,45.0,1.0,0.02612330198537095,0.18574922835012522,declared,0.8247044435385242,1.0,0.012675658498693594,stopcount,27963,1.0,0,,0,False,7.780637638617091,,
mdb-2254,Bay Area Transportation Authority,US,544,6282,15,60.0,60.0,1.0,1.0,declared,0.7406302220100263,1.0,1.0,distance,0,,0,,0,False,0.0,,
mdb-2255,Lake County Connection,US,193,7183,164,51.0,1.0,0.03396909369344285,0.17407809110629066,declared,0.8314804772234273,1.0,0.006685145931844122,distance,6092,1.0,0,,0,False,,,
mdb-2256,Portage Area Regional Transportation Authority (PARTA),US,1784,29660,19,60.0,60.0,1.0,1.0,not_declared,,,,,0,,0,,0,False,0.9337854707100233,,
mdb-2258,Manatee County Area Transit,US,597,21262,190,41.0,1.0,0.015238453579155301,0.1254860698110618,declared,0.912255821400796,1.0,0.04137204754024372,distance,19116,0.0996024272860431,0,,0,False,0.5204029304029305,,
mdb-2259,Collier Area Transit (CAT),US,281,7474,348,75.0,1.0,0.012710730532512711,0.17537072856221791,declared,0.8343004513217279,1.0,0.011591962905718702,distance,6395,1.0,0,,0,False,,,
mdb-226,University of California Berkeley Shuttle (Bear Transit),US,131,1569,5,120.0,60.0,1.0,1.0,not_declared,,,,,0,,0,,0,False,0.0,,
mdb-2261,Omaha Metro,US,1341,68772,218,32.0,1.0,0.017172686558483103,0.16374994651491165,declared,0.8503130660505185,0.9999047165316818,0.01655540273071891,distance,58631,0.949582985110266,0,,0,False,0.3009292783007482,,
mdb-2262,Beaver County Transit Authority,US,123,4194,140,63.0,1.0,0.051263710061993324,0.3122538800092657,declared,0.6997915218902016,1.0,0.017212843429328037,distance,2969,0.9706972044459414,0,,0,False,,,
mdb-2263,Birmingham Jefferson County Transit Authority (MAX),US,1147,42384,408,43.0,1.0,0.014297848244620612,0.1287358434219292,declared,0.8898486136316648,1.0,0.020884964890541098,distance,37927,0.9760856381996994,0,,0,False,1.303001706120708,,
mdb-2264,Rock Region Metro,US,707,30691,172,34.0,1.0,0.009970349613893323,0.11532581693101471,declared,0.8959169373845468,1.0,0.01254888019907572,distance,27777,0.9580228246390899,0,,0,False,2.1395170295924064,,
mdb-2265,Charlotte Area Transit System (CATS),US,2956,73130,36,60.0,60.0,1.0,1.0,declared,0.8784168260780906,1.0,1.0,stopcount,0,,0,,1,True,9.64630944276962,0.0,True
mdb-2266,Citilink,US,612,10358,11,60.0,60.0,1.0,1.0,declared,0.849911190053286,1.0,1.0,distance,0,,0,,0,False,,,
mdb-2267,Connect Transit,US,724,10414,10,60.0,60.0,1.0,1.0,declared,0.8117585615160785,1.0,1.0,distance,0,,0,,0,False,0.0,,
mdb-2268,Saint Maryʼs Transit System,US,197,2438,16,240.0,60.0,0.9991796554552912,0.9992412746585736,not_declared,,,,,0,,0,,0,False,,,
mdb-2269,StarTran,US,844,24872,166,45.0,1.0,0.01652460598263107,0.141740550629958,declared,0.858259449370042,1.0,0.0,stopcount,22071,0.03375470073852567,0,,0,False,0.07238095238095237,,
mdb-2270,GTrans,US,313,16648,185,60.0,1.0,0.05496155694377703,0.17687636342196805,declared,0.8406933553446141,0.9996299037749815,0.020969212427238936,distance,13960,0.142621776504298,1,0.0,0,False,5.996726190476191,,
mdb-2272,Santa Maria Area Transit,US,294,6525,151,60.0,1.0,0.4065900383141762,0.5541868309136238,declared,0.6892506232585424,0.9141104294478528,0.39191489361702125,distance,2858,0.013995801259622114,142,0.0,0,False,,,
mdb-2273,Stanislaus Regional Transit (StaRT),US,1046,30027,303,60.0,1.0,0.02647617144569887,0.19511567296245053,declared,0.8255413623346954,1.0,0.025022411037923374,distance,25015,0.9928043174095542,0,,0,False,1.0313634351482956,,
mdb-2274,Valley Metro,US,531,11305,22,60.0,60.0,1.0,1.0,declared,0.8817104511707595,1.0,1.0,distance,0,,0,,0,False,11.883116883116884,,
mdb-2276,Société des transports de Rimouski,CA,125,4046,6,60.0,30.0,0.5301532377656946,0.7681611124430592,declared,0.9700311675857108,1.0,0.7609985170538803,stopcount,0,,0,,0,False,0.0,,
mdb-2277,GoCary,US,546,9920,123,60.0,1.0,0.023689516129032258,0.24565258933690043,declared,0.765526466653927,1.0,0.014603095356964553,distance,7895,0.8246991766941102,0,,0,False,0.0,,
mdb-2282,Mountain Rides Transportation Authority (MRTA),US,83,2385,9,60.0,60.0,1.0,1.0,declared,0.08482418260333127,1.0,,stopcount,0,,0,,0,False,,,
mdb-2283,City of Corvallis,US,179,7061,87,41.0,1.0,0.010621724968134825,0.175,declared,0.825,1.0,0.0,stopcount,5973,0.07718064624141972,0,,0,False,0.0,,
mdb-2285,Annapolis Transit,US,210,5073,120,52.0,1.0,0.04730928444707274,0.2992617830777967,declared,0.7081203861442362,1.0,0.010425020048115477,distance,3702,1.0,0,,0,False,0.0,,
mdb-2286,Washington County Transit,US,117,563,4,600.0,300.0,1.0,1.0,not_declared,,,,,0,,0,,0,False,,,
mdb-2287,Mass Transportation Authority Flint,US,843,32554,167,28.0,1.0,0.010137003133255515,0.05787598431090751,declared,0.9421240156890925,1.0,0.0,stopcount,31466,0.024089493421470792,0,,0,False,0.32287549407114624,,
mdb-2298,Lewiston Transit System and Asotin County Public Transportation Benefit Area (PTBA),US,103,207,10,180.0,60.0,1.0,1.0,declared,0.6096181046676096,1.0,1.0,distance,0,,0,,0,False,,,
mdb-23,Lincoln County Transit (LCT),US,60,965,288,148.0,1.0,0.4538860103626943,0.6830443159922929,declared,0.3227360308285164,0.9857752489331437,0.04776119402985075,distance,309,0.9741100323624595,10,1.0,0,False,,,
mdb-2303,Johnson County Transit,US,192,784,10,840.0,120.0,1.0,1.0,not_declared,,,,,0,,0,,0,False,0.0,,
mdb-2304,Citibus,US,285,8591,168,48.0,1.0,0.017692934466301945,0.16876971608832808,declared,0.846777827850383,1.0,0.018360830228845132,distance,7378,0.9563567362428842,0,,0,False,0.16346153846153846,,
mdb-2309,Grant Transit Authority,US,239,3028,37,60.0,60.0,0.5878467635402906,0.7711246200607903,declared,0.6124620060790273,1.0,0.6263027295285359,distance,753,0.1102257636122178,0,,0,False,0.0,,
mdb-2312,Hudson Link,US,302,2272,35,180.0,60.0,1.0,1.0,declared,0.000777000777000777,1.0,1.0,distance,0,,0,,0,False,82.07002801120449,,
mdb-2313,Jackson Transit Authority,US,404,9558,113,35.0,1.0,0.0017786147729650554,0.13370809074483037,declared,0.8797430234892591,1.0,0.015289821999087174,distance,8630,0.9903823870220162,0,,0,False,0.0,,
mdb-2316,Kimball County Transit Service,US,54,454,14,180.0,300.0,1.0,1.0,declared,0.011560693641618497,1.0,1.0,distance,0,,0,,0,False,,,
mdb-2317,Kiryas Joel Area Transit,US,181,1824,38,173.0,3.0,0.4166666666666667,0.71571072319202,declared,0.30324189526184536,1.0,0.0625,distance,570,1.0,0,,0,False,,,
mdb-2322,City of Miami Beach,US,268,12777,169,71.0,1.0,0.16130547076778587,0.26122966721384866,declared,0.8002536934785853,0.9932760552857677,0.07850815850815851,distance,9883,0.006374582616614388,18,1.0,0,False,12.754351032448376,,
mdb-2323,City of Miami Gardens,US,51,45,2,600.0,,1.0,1.0,declared,0.6966551326412919,1.0,,distance,0,,0,,0,False,,,
mdb-2325,The Moccasin Express,US,50,154,8,900.0,300.0,1.0,1.0,not_declared,,,,,0,,0,,0,False,,,
mdb-2326,Muckleshoot Tribal Transit,US,71,53,3,180.0,60.0,1.0,1.0,declared,0.6550591327201051,1.0,,distance,0,,0,,0,False,0.0,,
mdb-2329,eBus,NZ,212,5835,245,78.0,1.0,0.017309340188517566,0.17793947411939806,declared,0.8399206217959319,1.0,0.021264028352037802,distance,4971,0.9857171595252464,0,,0,False,7.2,,
mdb-2333,Münchner Verkehrsgesellschaft (MVG),DE,14830,265251,15,90.0,30.0,0.5575096795111045,0.5173324859594188,not_declared,,,,,0,,0,,2,True,0.006178560395427865,0.0,True
mdb-2337,Latvia by Gustavs Svalbe gsvalbe.id.lv,EE,12525,247047,244,120.0,1.0,0.97734843977057,0.979199507716618,declared,0.5305303061957054,1.0,0.960793017777746,stopcount,974,0.01026694045174538,0,,2,True,4.838521205094297,3.2348668280871666,True
mdb-2341,"Regia Transport Electric Chișinău, Î.M. Parcul Urban de Autobuze",MD,11138,244590,225,91.0,1.0,0.3475448710086267,0.37063308958667346,not_declared,,,,,0,,0,,0,False,3.899788894776478,,
mdb-2345,Municipality of Tirana,AL,3063,57069,665,142.0,1.0,0.018889414568329568,0.10566753143085213,declared,0.8981241269207743,0.9258896506692785,0.01262822649335259,stopcount,53324,0.012958517740604606,0,,0,False,25.39270948664038,,
mdb-2347,Pace Bus,US,7005,220121,56,60.0,60.0,1.0,1.0,declared,0.8755390874899874,1.0,1.0,stopcount,0,,0,,0,False,5.8081453207382685,,
mdb-235,Blackstone Area Bus Service,US,65,963,92,97.0,1.0,0.4994807892004154,0.7198443579766537,declared,0.6001945525291829,1.0,0.5332252836304701,distance,270,0.9962962962962963,0,,0,False,,,
mdb-2350,TheBus,US,5073,141790,51,60.0,60.0,1.0,1.0,not_declared,,,,,0,,0,,1,True,12.504507788389104,0.0,True
mdb-2351,Regional Transportation Commission of Southern Nevada (RTC),US,3799,185026,343,71.0,1.0,0.025153221709381383,0.2000953263603866,not_declared,,,,,0,,0,,0,False,7.973925610999342,,
mdb-2353,Westchester County Bee-Line System (WCDOT),US,2203,100765,401,54.0,1.0,0.02699349972708778,0.1820212280412131,declared,0.8314769317420395,0.9991356459605855,0.01640914240332621,distance,73244,0.3864480366992518,10,0.0,0,False,8.065553377450176,,
mdb-2354,SunTran,US,2074,81482,360,61.0,1.0,0.03059571439090842,0.1568951279933939,declared,0.8573223710192798,0.9949672873678913,0.01742116504041208,distance,55231,0.34174648295341387,0,,1,True,3.4142798919965354,6.373759920634921,False
mdb-2359,Transports Metropolitans de Barcelona (TMB),ES,15135,5448,9,180.0,60.0,1.0,1.0,not_declared,,,,,0,,0,,1,True,17.71794950270991,0.09020543454505724,True
mdb-2364,Transport for Ireland (TFI),GB,22397,746559,637,61.0,1.0,0.36330283339963754,0.4320399868343501,declared,0.32272426893646555,0.47475927125872125,0.3423884255050006,stopcount,166356,0.07552477818653971,270046,0.12605259844619066,2,True,17.880233475323962,12.4319403714565,True
mdb-2366,"Mi Transporte, Mi Transporte Eléctrico, Mi Macro, Mi Tren, SiTren",MX,505,24729,427,65.0,1.0,0.021674956528771886,0.04011563440519563,not_declared,,,,,0,,0,,0,False,,,
mdb-237,Breckenridge Free Ride,US,438,4650,7,60.0,30.0,0.9862365591397849,0.9944722750043186,not_declared,,,,,0,,0,,0,False,0.6498829039812646,,
mdb-2373,AMAT Palermo S.P.A.,IT,5987,148207,399,55.0,1.0,0.01791413361042326,0.12332516180914951,declared,0.8876739691557389,1.0,0.012390958107456492,stopcount,135178,0.023672491085827575,0,,1,True,4.836526273999159,0.0,True
mdb-2374,Lvivavtodor,UA,6993,198757,14,120.0,60.0,1.0,1.0,not_declared,,,,,0,,0,,1,True,1.6372537833332679,0.4870034337247453,True
mdb-2379,Société de transport collectif de Pierre-De Saurel,CA,136,2358,18,60.0,60.0,1.0,1.0,not_declared,,,,,0,,0,,0,False,1.5625,,
mdb-238,Bristol Virginia Transit,US,60,98,5,450.0,120.0,1.0,1.0,declared,0.32934131736526945,1.0,,distance,0,,0,,0,False,,,
mdb-2385,B-Bus,LT,327,4153,18,120.0,60.0,1.0,1.0,not_declared,,,,,0,,0,,0,False,,,
mdb-2386,Nouvelle-Aquitaine Mobilités,FR,22207,501040,436,60.0,1.0,0.5840132524349353,0.7134247269961427,not_declared,,,,,0,,0,,1,True,6.280798661933039,0.8791454664057404,True
mdb-2387,Zarząd Transportu Miejskiego Rzeszów (ZTM Rzeszów),PL,2676,70431,11,60.0,60.0,1.0,1.0,not_declared,,,,,0,,0,,0,False,10.52660379555245,,
mdb-2393,NVBW - Nahverkehrsgesellschaft Baden-Württemberg mbH,DE,105222,1563761,113,60.0,60.0,0.9773737802643755,0.9788367559945532,not_declared,,,,,0,,0,,2,True,1.5214350848772022,6.7884012539184955,False
mdb-2395,Via Mobility,US,154,235,45,120.0,2.0,0.5531914893617021,0.9302904564315353,declared,0.7278066410661848,0.9302904564315353,,distance,0,,81,0.5185185185185185,0,False,,,
mdb-240,Butler County Regional Transit Authority,US,307,209,4,120.0,60.0,1.0,1.0,not_declared,,,,,0,,0,,0,False,0.0,,
mdb-2400,Empresa Municipal de Transportes de Fuenlabrada (EMTF),ES,795,23547,10,60.0,60.0,1.0,1.0,not_declared,,,,,0,,0,,0,False,9.068626661880076,,
mdb-2407,Metro Sabanas,CO,132,5082,69,18.5,1.0,0.006493506493506494,0.0759493670886076,not_declared,,,,,0,,0,,0,False,0.0,,
mdb-2413,Colorado School Of Mines,US,122,1252,51,141.0,1.0,0.09984025559105432,0.5596797671033479,declared,0.4403202328966521,1.0,0.0,distance,605,1.0,0,,0,False,10.5568356374808,,
mdb-2414,Metropolitan Transit Authority of Black Hawk County,US,218,3404,9,120.0,60.0,1.0,1.0,declared,0.643424317617866,1.0,1.0,distance,0,,0,,0,False,,,
mdb-2415,Radford Transit,US,215,4451,129,66.0,1.0,0.008986744551786115,0.1592370338619803,declared,0.8465495070724389,1.0,0.006835443037974683,distance,3923,0.9179199592148866,0,,0,False,0.0,,
mdb-2416,Pioneer Valley Transit Authority (PVTA),US,1962,58188,388,44.0,1.0,0.020090052931875987,0.14103075644222776,declared,0.8751288445552785,1.0,0.018465396379110547,distance,51618,0.9746793754116782,0,,0,False,4.867753668631631,,
mdb-2421,County Connection (CCCTA),US,896,22342,271,59.0,1.0,0.019693850147703876,0.19059299423358292,declared,0.8203373784318788,1.0,0.013324240675654409,stopcount,18809,0.03429209421021851,0,,0,False,7.659981167608286,,
mdb-2425,Santa Cruz Metro (SCMTD),US,806,26364,376,61.0,1.0,0.012251555150963435,0.15944055944055943,declared,0.8575634891424365,1.0,0.01982832618025751,distance,22838,0.12417899991242666,0,,0,False,16.565595238095238,,
mdb-2426,Xpress,US,197,2479,474,117.0,1.0,0.09640984267849939,0.36539895600298283,declared,0.6487695749440716,1.0,0.021839080459770115,distance,1588,0.1561712846347607,0,,0,False,,,
mdb-2430,Fredericksburg Regional Transit,US,292,3847,196,79.0,1.0,0.08240187158825059,0.24498671176612707,not_declared,,,,,0,,0,,0,False,,,
mdb-2432,Frederick County TransIT,US,447,2176,18,120.0,60.0,1.0,0.9851705388037568,declared,0.7231135622963148,0.9728383884110458,1.0,distance,0,,60,0.0,0,False,,,
mdb-2433,Avon Transit,US,155,1147,18,120.0,5.0,0.6233653007846556,0.8102918586789555,not_declared,,,,,0,,0,,0,False,0.0,,
mdb-244,Ketchikan Gateway Borough,US,74,33,1,60.0,,1.0,1.0,declared,0.8845870206489675,1.0,1.0,distance,0,,0,,0,False,,,
mdb-2440,Danville Transit,US,93,4056,152,30.0,1.0,0.016518737672583828,0.13521330441070137,declared,0.8771339264246213,1.0,0.013743815283122594,distance,3588,0.9581939799331104,0,,0,False,,,
mdb-2442,Pulaski Area Transit (PAT),US,67,1065,80,126.0,1.0,0.05070422535211268,0.1811158798283262,declared,0.9542048293089093,1.0,0.14054054054054055,distance,0,,0,,0,False,,,
mdb-2444,STAR Transit,US,77,213,70,122.0,1.0,0.09389671361502347,0.2593230063109581,declared,0.8663335415365396,1.0,0.018250950570342206,distance,1274,0.9717425431711146,0,,0,False,,,
mdb-2445,Virginia Regional Transit,US,159,599,20,300.0,60.0,0.9632721202003339,0.8085106382978723,declared,0.5156897572528123,1.0,0.08333333333333333,distance,382,0.9581151832460733,0,,0,False,,,
mdb-2447,Mountain Lynx Transit,US,86,51,3,600.0,300.0,1.0,1.0,declared,0.8940397350993378,1.0,1.0,distance,0,,0,,0,False,,,
mdb-2448,Four County Transit,US,99,163,29,600.0,3.0,0.901840490797546,0.9895104895104895,declared,0.4434055118110236,1.0,0.07692307692307693,distance,12,1.0,0,,0,False,,,
mdb-2449,Transport for New South Wales,AU,53678,1483956,1199,60.0,1.0,0.8563589486480732,0.9013200116953131,declared,0.761542714306412,0.9593245024687377,0.8831574146826596,distance,169769,0.6334607613875325,16947,0.09028146574614976,3,True,9.51662253523224,6.448620596657946,True
mdb-2455,Alameda-Contra Costa Transit District (AC Transit),US,4990,224654,462,53.0,1.0,0.018063332947554907,0.1417541934472488,declared,0.8781156921147515,1.0,0.022627867535481568,distance,195456,0.11119126555337262,0,,0,False,9.386559289738994,,
mdb-2456,City of Ellensburg Public Transit (Central Transit),US,147,1708,6,120.0,60.0,1.0,1.0,declared,0.6439070649596965,1.0,1.0,distance,0,,0,,0,False,,,
mdb-246,"Sunset Empire Transportation District (SETD), Tillamook County Transportation District, Columbia County Rider",US,58,784,59,112.0,2.0,0.4107142857142857,0.6318289786223278,declared,0.38717339667458434,1.0,0.049079754601226995,distance,310,1.0,0,,0,False,,,
mdb-2460,Fredericton Transit,CA,336,9447,7,60.0,60.0,1.0,1.0,declared,0.7612930849925069,1.0,1.0,distance,0,,0,,0,False,0.3575418994413408,,
mdb-2461,PKS Kalisz,PL,101,3810,7,120.0,60.0,1.0,1.0,not_declared,,,,,0,,0,,0,False,,,
mdb-2462,BC Transit (Hazelton | Kitimat | Terrace),CA,173,2493,24,60.0,60.0,1.0,1.0,declared,0.7719135084863985,1.0,1.0,distance,0,,0,,0,False,0.0,,
mdb-2463,BC Transit (Quesnel),CA,56,994,6,60.0,60.0,1.0,1.0,declared,0.7531270572745227,1.0,1.0,distance,0,,0,,0,False,,,
mdb-2466,BC Transit (Salt Spring Island),CA,74,274,15,240.0,60.0,1.0,1.0,declared,0.12931034482758622,1.0,1.0,distance,0,,0,,0,False,,,
mdb-247,"TriMet, Portland Streetcar",US,5330,289107,408,47.0,1.0,0.017467581206957978,0.13414754259824682,declared,0.894741489690494,1.0,0.03228757425648617,distance,248187,0.7162301006902053,0,,1,True,8.317299243401429,1.8333514808362372,True
mdb-2471,BC Transit (Merritt),CA,72,711,6,60.0,60.0,1.0,1.0,declared,0.7401129943502824,1.0,1.0,distance,0,,0,,0,False,,,
mdb-2473,BC Transit (Nanaimo),CA,657,16253,15,60.0,60.0,1.0,1.0,declared,0.8170965096145083,1.0,1.0,distance,0,,0,,0,False,6.282467532467533,,
mdb-25,Eastern Sierra Transit,US,246,2632,16,60.0,60.0,1.0,1.0,declared,0.6981627296587927,1.0,1.0,distance,0,,0,,0,False,0.0,,
mdb-250,Yamhill County Transit Area,US,88,1667,173,71.0,1.0,0.09658068386322735,0.3527065527065527,declared,0.6472934472934473,1.0,0.0,stopcount,1136,0.018485915492957746,0,,0,False,,,
mdb-2508,BC Transit (Shuswap | Vernon),CA,367,5587,16,60.0,60.0,1.0,1.0,declared,0.7675363838993051,1.0,1.0,distance,0,,0,,0,False,3.7012987012987013,,
mdb-2510,BC Transit (Bulkley-Nechako | Prince George),CA,433,9163,17,60.0,60.0,1.0,1.0,declared,0.8424073095220116,1.0,1.0,distance,0,,0,,0,False,0.7692307692307693,,
mdb-2514,BC Transit (Campbell River Transit),CA,185,3654,7,60.0,60.0,1.0,1.0,declared,0.8617427687829725,1.0,1.0,distance,0,,0,,0,False,0.3333333333333333,,
mdb-2519,Ministry of Transport and Road Safety,IL,117969,4290992,1346,60.0,1.0,0.14338549221252336,0.043165075206306816,not_declared,,,,,0,,0,,1,True,0.0006303232288162972,0.0,True
mdb-252,Canby Area Transit (CAT),US,79,1685,68,66.0,1.0,0.13590504451038576,0.486685552407932,declared,0.5257790368271955,1.0,0.023706896551724137,distance,906,1.0,0,,0,False,2.179347826086957,,
mdb-2520,BC Transit (Columbia Valley | Cranbrook | Elk Valley | Kimberley),CA,171,2030,21,60.0,60.0,1.0,1.0,declared,0.6974228444161629,1.0,1.0,distance,0,,0,,0,False,0.0,,
mdb-2524,BC Transit (Comox Valley Transit System),CA,265,4342,12,60.0,60.0,1.0,1.0,declared,0.7490182077829347,1.0,1.0,distance,0,,0,,0,False,3.835459183673469,,
mdb-2528,BC Transit (Cowichan Valley Regional Transit System),CA,174,3818,20,60.0,60.0,1.0,1.0,declared,0.7940880756082848,1.0,1.0,distance,0,,0,,0,False,2.5,,
mdb-2529,BC Transit (Powell River Regional Transit System),CA,85,2018,13,60.0,60.0,1.0,1.0,declared,0.8510108864696734,1.0,1.0,distance,0,,0,,0,False,0.0,,
mdb-253,Ride Connection,US,235,1714,66,180.0,1.0,0.6592765460910152,0.8224730631092868,declared,0.3807080554130323,1.0,0.5336927223719676,distance,346,1.0,0,,0,False,7.903225806451613,,
mdb-2532,BC Transit (South Okanagan-Similkameen),CA,231,4468,24,60.0,60.0,1.0,1.0,declared,0.7828916782891678,1.0,1.0,distance,0,,0,,0,False,0.0,,
mdb-254,Washington Park Shuttle,US,50,450,6,180.0,60.0,1.0,1.0,not_declared,,,,,0,,0,,0,False,,,
mdb-2543,BC Transit (Port Edward | Prince Rupert),CA,98,1530,7,60.0,60.0,1.0,1.0,declared,0.720997920997921,1.0,1.0,distance,0,,0,,0,False,0.24,,
mdb-2547,BC Transit (Fort St John Transit System),CA,69,1660,3,60.0,60.0,1.0,1.0,declared,0.7938766709788702,1.0,1.0,distance,0,,0,,0,False,0.0,,
mdb-2551,BC Transit (Kamloops Transit System),CA,809,16669,14,60.0,60.0,1.0,1.0,declared,0.8279473751436965,1.0,1.0,distance,0,,0,,0,False,4.8029654975762766,,
mdb-2555,BC Transit (Kelowna Regional Transit System),CA,1175,23853,12,60.0,60.0,1.0,1.0,declared,0.8375415494758374,1.0,1.0,distance,0,,0,,0,False,7.869300911854103,,
mdb-2563,BC Transit (Squamish),CA,194,3329,7,60.0,60.0,1.0,1.0,declared,0.7244831338411316,1.0,1.0,distance,0,,0,,0,False,4.0476190476190474,,
mdb-2567,BC Transit (Sunshine Coast Transit System),CA,139,5243,3,60.0,60.0,1.0,1.0,declared,0.881933225632741,1.0,1.0,distance,0,,0,,0,False,3.5,,
mdb-2571,BC Transit (Victoria Regional Transit System),CA,3194,95670,14,60.0,60.0,1.0,1.0,declared,0.8578621066095302,1.0,1.0,distance,0,,0,,0,False,10.895825488456115,,
mdb-2579,BC Transit (West Kootenay Transit System),CA,287,5107,19,60.0,60.0,1.0,1.0,declared,0.7572288272420373,1.0,1.0,distance,0,,0,,0,False,1.6666666666666667,,
mdb-258,C-TRAN,US,1921,27725,44,60.0,60.0,1.0,1.0,declared,0.792967782760613,1.0,1.0,distance,0,,0,,0,False,10.851776551457062,,
mdb-2583,BC Transit (Whistler Transit System),CA,456,6637,5,60.0,60.0,1.0,1.0,declared,0.7148764949144965,1.0,1.0,distance,0,,0,,0,False,11.842465753424657,,
mdb-259,RiverCities Transit (RCT),US,144,3859,142,62.0,1.0,0.04042498056491319,0.29278041468898325,declared,0.7184611541343991,1.0,0.01564673157162726,distance,2831,0.8544683857294242,0,,0,False,11.500000000000002,,
mdb-2591,Medicine Hat Transit,CA,491,10764,49,42.0,1.0,0.1488294314381271,0.33732163431711426,declared,0.7829477975715678,0.9995916700694161,0.1537242472266244,distance,7476,0.028624933119315143,0,,0,False,4.438981868898186,,
mdb-2595,Bangalore Metropolitan Transport Corporation (BMTC),IN,56855,1462001,1054,123.0,1.0,0.022272898582148714,0.07896084575280425,not_declared,,,,,0,,0,,0,False,6.42692014120451,,
mdb-2597,Zarząd Komunikacji Miejskiej w Elblągu (ZKM Elbląg),PL,750,14523,6,120.0,60.0,1.0,1.0,not_declared,,,,,0,,0,,1,True,2.4626038781163433,0.09803921568627451,True
mdb-2598,Zarząd Transportu Publicznego w Krakowie (ZTP Kraków),PL,2334,42429,7,60.0,60.0,1.0,1.0,not_declared,,,,,0,,0,,0,False,1.195097037793667,,
mdb-2603,Rouyn-Noranda,CA,73,2064,5,60.0,60.0,1.0,1.0,not_declared,,,,,0,,0,,0,False,5.454545454545454,,
mdb-2604,Réseau interurbain liO Occitanie,ES,3954,62004,42,120.0,60.0,1.0,1.0,declared,0.02272126428340628,1.0,1.0,distance,0,,0,,0,False,9.806415516598284,,
mdb-2607,Aomori City Bus,JP,85,1960,10,60.0,60.0,1.0,1.0,not_declared,,,,,0,,0,,0,False,,,
mdb-2611,St Lawrence County Public Transit,US,114,1079,36,300.0,60.0,1.0,1.0,declared,0.040278853601859024,1.0,,distance,0,,0,,0,False,,,
mdb-2616,Blue Sky Limo LLC,US,181,27,2,2400.0,,1.0,1.0,not_declared,,,,,0,,0,,0,False,,,
mdb-2618,Hamilton Street Railway,CA,3906,176187,205,42.0,1.0,0.024315074324439374,0.2000299845080042,not_declared,,,,,0,,0,,0,False,4.137761027168313,,
mdb-263,Grays Harbor Transit,US,346,3309,24,60.0,60.0,1.0,1.0,declared,0.802523390983839,1.0,1.0,distance,0,,0,,0,False,4.0476190476190474,,
mdb-2632,Viação Senhor do Bonfim,BR,1558,66028,320,41.0,1.0,0.009087053977100624,0.05899150711685852,not_declared,,,,,0,,0,,0,False,0.5628052503052502,,
mdb-2635,Dublin Bus,IE,8048,427543,604,61.0,1.0,0.06875331837967175,0.14462420022452255,declared,0.38891069833857905,0.22606833593177678,0.016652302751968644,stopcount,166585,0.07702974457484167,199907,0.07851651017723241,0,False,13.910208390643517,,
mdb-2636,Bus Éireann,IE,6665,163378,97,90.0,30.0,0.5299305904099695,0.5719056662570483,not_declared,,,,,0,,0,,0,False,22.769794129078285,,
mdb-2639,GoAhead Ireland,IE,2547,92847,36,60.0,60.0,1.0,1.0,declared,0.7719575399794906,1.0,1.0,stopcount,0,,0,,0,False,22.861130765702608,,
mdb-264,Mason Transit Authority,US,136,420,18,480.0,60.0,1.0,1.0,declared,0.3975588491717524,1.0,1.0,distance,0,,0,,0,False,,,
mdb-2640,Aircoach,IE,243,2594,24,240.0,60.0,1.0,1.0,not_declared,,,,,0,,0,,0,False,121.82926829268293,,
mdb-2641,South Portland,US,81,1855,16,60.0,60.0,1.0,1.0,declared,0.8252032520325203,1.0,1.0,distance,0,,0,,0,False,,,
mdb-2642,Greater Portland Metro Bus,US,667,19351,333,53.0,1.0,0.024959950390160714,0.1833349985013488,declared,0.8280547507243481,1.0,0.013754826254826255,distance,16348,0.9966968436505994,0,,0,False,7.431452658884565,,
mdb-2649,Williamsburg Area Transit Authority,US,516,7128,164,77.0,1.0,0.12121212121212122,0.3630298273155416,declared,0.6448194662480377,1.0,0.012172854534388313,distance,4869,1.0,0,,0,False,0.0,,
mdb-265,Pierce Transit,US,2044,70880,472,53.0,1.0,0.0378244920993228,0.17262883771929824,declared,0.8446134868421052,1.0,0.020414455641562402,distance,60365,0.1787293961732792,0,,0,False,11.976510450763291,,
mdb-2651,Verkehrsverbund Rhein-Ruhr,DE,60475,1438436,62,60.0,30.0,0.9061390287784788,0.8976145249245832,not_declared,,,,,0,,0,,2,True,0.11481380218222322,0.0,True
mdb-2652,City of Jackson (JTRAN),US,310,7512,5,60.0,60.0,1.0,1.0,not_declared,,,,,0,,0,,0,False,,,
mdb-266,Intercity Transit,US,1799,49165,196,40.0,1.0,0.010698667751449202,0.1896632917353426,declared,0.8275253119849305,1.0,0.020771091193626405,distance,41298,1.0,0,,0,False,0.0,,
mdb-2661,TrafikLab,DE,111017,2090136,56,60.0,60.0,1.0,1.0,not_declared,,,,,0,,0,,2,True,8.559500585349532,5.013129216183515,True
mdb-2662,Transit Authority of River City (TARC),US,1203,87910,242,34.0,1.0,0.009555226936639745,0.11736783634262117,declared,0.8954810184821519,1.0,0.014348550733718468,distance,78654,0.18412286724133547,0,,0,False,2.9011136235996573,,
mdb-2666,Azienda Trasporti MIlanesi (ATM),IT,15143,327557,1114,77.0,1.0,0.04223997655369905,0.2619589511954574,not_declared,,,,,0,,0,,1,True,5.4401323424580585,5.028499677435699,True
mdb-2668,Centrale Operativa REgionale (CORE) Calabria,IT,2853,35298,67,120.0,60.0,0.9978752337242903,0.9906391949205712,not_declared,,,,,0,,0,,0,False,,,
mdb-267,"Sound Transit, Metro Transit, City of Seattle - King County Metro",US,12674,434895,591,60.0,1.0,0.030738454109612665,0.2043260368792298,declared,0.8103912469362266,1.0,0.018160714187248073,distance,356119,0.9983966033825772,0,,1,True,10.144561580108627,0.8100000000000004,True
mdb-2681,Bilbobus,ES,3339,53234,244,92.0,1.0,0.07634218732389075,0.07895992788079119,not_declared,,,,,0,,0,,0,False,0.20135654377435924,,
mdb-2682,dBus (Donostiabus),ES,3482,55820,353,78.0,1.0,0.01683984235041204,0.09095338093238135,not_declared,,,,,0,,0,,0,False,9.020360647260885,,
mdb-2687,Gruppo Torinese Trasporti (GTT),IT,9536,281129,490,70.0,1.0,0.02479644575977576,0.18298459305225429,declared,0.8305820517142336,0.9997563550718752,0.016383598179416137,stopcount,237505,0.033207721942695945,12,0.0,2,True,5.136044131714733,3.8259778677315945,True
mdb-2688,Essex County Council,GB,6683,252833,491,58.0,1.0,0.03490050744958134,0.22919523053933727,declared,0.7847811686411043,0.9994273648044093,0.017966334592923395,distance,200109,0.47057353742210495,32,0.21875,0,False,8.82120116027712,,
mdb-2689,Kombus,PL,186,2917,9,60.0,60.0,1.0,1.0,not_declared,,,,,0,,0,,0,False,4.363636363636363,,
mdb-269,Microsoft Shuttles,US,1455,2913,16,1200.0,60.0,1.0,1.0,not_declared,,,,,0,,0,,0,False,,,
mdb-2690,Junta de Extremadura (Extremadura Regional Government Buses),ES,490,2435,27,600.0,60.0,1.0,1.0,not_declared,,,,,0,,0,,0,False,0.0,,
mdb-2691,La Regional Vallisoletana S.A,ES,67,2551,279,72.0,1.0,0.11916895335162682,0.029389312977099236,declared,0.9751908396946565,0.046153846153846156,0.028962818003913895,stopcount,0,,0,,0,False,,,
mdb-270,Seattle Children's Hospital Shuttle,US,757,907,8,420.0,60.0,1.0,1.0,not_declared,,,,,0,,0,,0,False,9.257142857142858,,
mdb-2706,South Metro Area Regional Transit (SMART),US,279,2703,16,60.0,60.0,1.0,1.0,declared,0.7244422652610935,1.0,1.0,distance,0,,0,,0,False,4.714285714285714,,
mdb-2708,SamTrans,US,1794,61094,430,77.0,1.0,0.022653615739679837,0.17613853199338506,declared,0.6277827248441674,0.44771018455228984,0.015121580547112462,distance,38883,1.0,12928,1.0,0,False,15.146199695366363,,
mdb-2713,AUCORSA (Autobuses de Córdoba S.A.),ES,2092,46474,421,98.0,1.0,0.019193527563799113,0.0980727257752337,not_declared,,,,,0,,0,,0,False,8.624772901040332,,
mdb-2714,Vectalia Movilidad (Cáceres city bus),ES,1002,15676,8,120.0,60.0,1.0,1.0,not_declared,,,,,0,,0,,0,False,10.82281284606866,,
mdb-2716,Transports Municipals D’Egara (TMESA) Terrassa city bus,ES,1503,31550,17,60.0,1.0,0.8709033280507131,0.9371312740144616,not_declared,,,,,0,,0,,0,False,8.583534099212876,,
mdb-2718,Autobuses La Unión (ALU),ES,111,510,34,660.0,60.0,1.0,1.0,not_declared,,,,,0,,0,,0,False,,,
mdb-2719,Pamplona Region Bus (TCC Pamplona),ES,2714,53338,17,120.0,60.0,1.0,1.0,not_declared,,,,,0,,0,,0,False,5.577628939310582,,
mdb-2721,Network of Metropolitan Transport Consortiums of Andalusia,ES,4259,72023,42,120.0,60.0,1.0,1.0,not_declared,,,,,0,,0,,0,False,3.417630057803468,,
mdb-2723,Unauto (Ruiz Group),ES,1016,17255,16,60.0,60.0,1.0,1.0,not_declared,,,,,0,,0,,0,False,3.891741071428572,,
mdb-2724,Auif Irunbus (Lurraldebus),ES,263,3534,54,72.0,1.0,0.0,0.0,not_declared,,,,,0,,0,,0,False,0.0,,
mdb-2728,Lurraldebus Zarautz,ES,153,1778,48,58.0,1.0,0.0,0.0,not_declared,,,,,0,,0,,0,False,0.0,,
mdb-2730,AUVASA (Valladolid city bus),ES,1709,45032,446,93.0,1.0,0.01925297566175164,0.06908281808262554,not_declared,,,,,0,,0,,0,False,4.745889199323266,,
mdb-2731,Lurraldebus Ekialdebus,ES,1087,18632,143,69.0,1.0,0.025279089738085014,0.029058268674882093,not_declared,,,,,0,,0,,0,False,0.0,,
mdb-2732,Lurraldebus Goierrialdea,ES,298,5611,144,67.0,1.0,0.015505257529852077,0.019969537992892198,not_declared,,,,,0,,0,,0,False,0.0,,
mdb-2733,Lurraldebus Arrasate,ES,55,1707,56,67.0,1.0,0.0,0.014755959137343927,not_declared,,,,,0,,0,,0,False,,,
mdb-2735,Lurraldebus Eibar,ES,53,724,36,72.0,6.0,0.034530386740331494,0.0,not_declared,,,,,0,,0,,0,False,,,
mdb-2736,Lurraldebus Guipuzcoana (La Guipuzcoana),ES,157,3499,90,93.0,1.0,0.011146041726207487,0.009026258205689279,not_declared,,,,,0,,0,,0,False,0.0,,
mdb-2739,Sandy Area Metro (SAM),US,77,722,14,120.0,60.0,1.0,1.0,declared,0.7186266771902131,1.0,1.0,distance,0,,0,,0,False,,,
mdb-2748,Gobierno de Cantabria (Buses in Cantabria),ES,486,10854,53,60.0,60.0,0.996038326884098,0.9964240102171137,not_declared,,,,,0,,0,,0,False,2.2564102564102564,,
mdb-2749,TCC Barcelona Buses,ES,368,2803,12,60.0,60.0,1.0,1.0,not_declared,,,,,0,,0,,0,False,0.0,,
mdb-275,Link Transit,US,919,20942,221,42.0,1.0,0.008022156432050426,0.1754265587118613,declared,0.8373358949727826,1.0,0.015241737230264955,distance,18026,0.29235548651947185,0,,0,False,3.49638196915777,,
mdb-2750,Pujol,ES,332,4502,11,120.0,60.0,1.0,1.0,not_declared,,,,,0,,0,,0,False,0.0,,
mdb-2751,Transports Municipals del Gironés SAU (TMG) Girona city bus,ES,739,12392,6,60.0,60.0,1.0,1.0,not_declared,,,,,0,,0,,0,False,0.8328134747348721,,
mdb-2752,Autocares Rías Baixas (Rías Baixas Coaches),ES,798,14857,27,60.0,60.0,1.0,1.0,not_declared,,,,,0,,0,,0,False,0.0,,
mdb-2753,Autobusos de Lleida (Lleida buses),ES,1039,18302,7,120.0,60.0,1.0,1.0,not_declared,,,,,0,,0,,0,False,9.87779796994814,,
mdb-2754,Moventis Empresa Casas (Casas Company Buses),ES,1204,12522,40,120.0,60.0,1.0,1.0,not_declared,,,,,0,,0,,0,False,5.571913851273282,,
mdb-2756,Lurraldebus Euskotren bus,ES,362,6932,182,91.0,1.0,0.031015579919215233,0.008774335069920482,not_declared,,,,,0,,0,,0,False,0.0,,
mdb-2757,Lurraldebus TBH (Interurban Tolosa Buruntzaldea),ES,672,13449,162,78.0,1.0,0.021265521600118967,0.012888605622831244,not_declared,,,,,0,,0,,0,False,0.0,,
mdb-2759,Lurraldebus Urbano de Errentería (Errenteria Urbanoa),ES,152,2686,62,45.0,1.0,0.0,0.025722339675828047,not_declared,,,,,0,,0,,0,False,0.0,,
mdb-2762,TUS (Transportes Urbanos de Santander),ES,1340,38000,294,82.0,1.0,0.027421052631578947,0.13355363497712253,not_declared,,,,,0,,0,,0,False,5.473043003419715,,
mdb-2763,TIB Transports of the Balearic Islands - CIME Consell Insular de Menorca (Menorca Island Bus),ES,564,5428,145,120.0,1.0,0.5023949889462048,0.7182910547396528,not_declared,,,,,0,,0,,0,False,0.5931372549019608,,
mdb-2764,Moventis Sarfa (Sarfa buses),ES,636,7802,25,180.0,60.0,1.0,1.0,not_declared,,,,,0,,0,,0,False,2.3255813953488373,,
mdb-2765,Urban Buses of Ciudad Real (AISA),ES,421,13487,154,52.0,1.0,0.022169496552235487,0.047958009778544725,not_declared,,,,,0,,0,,0,False,0.15915151515151524,,
mdb-2767,La Coruña Tram Company SA,ES,2083,45481,269,87.0,1.0,0.015303093599525076,0.10512152047767219,not_declared,,,,,0,,0,,0,False,8.85919030282776,,
mdb-2768,Avanza Grupo (Mataró city bus),ES,729,10215,6,120.0,60.0,1.0,1.0,not_declared,,,,,0,,0,,0,False,7.445117029862792,,
mdb-2769,Granada City Council (Granada city bus),ES,3072,72153,93,66.0,1.0,0.7264839992793093,0.7870388833499502,not_declared,,,,,0,,0,,0,False,16.444446265557232,,
mdb-2770,TUSSAM (Seville bus and tram),ES,7268,2366,8,240.0,60.0,1.0,1.0,not_declared,,,,,0,,0,,0,False,6.701149425287357,,
mdb-2771,Castelló de la Plana Town Hall (city bus),ES,1053,17407,12,120.0,60.0,1.0,1.0,not_declared,,,,,0,,0,,0,False,11.095354523227384,,
mdb-2772,Avanza Grupo (Ávila city bus),ES,370,9197,145,52.0,1.0,0.02968359247580733,0.2872373784885544,not_declared,,,,,0,,0,,0,False,3.7846652522395097,,
mdb-2773,Avanza Grupo (Zaragoza urban transport),ES,7217,179862,380,88.0,1.0,0.018842223482447653,0.15998888223723595,not_declared,,,,,0,,0,,1,True,5.926014599095533,0.0,True
mdb-2774,Autocares Baraza (Baraza Coaches),ES,52,736,14,180.0,60.0,1.0,1.0,not_declared,,,,,0,,0,,0,False,,,
mdb-2775,Direxis TGO (Transportes Generales de Olesa),ES,534,6648,25,60.0,60.0,1.0,1.0,not_declared,,,,,0,,0,,0,False,0.0,,
mdb-2776,Lurraldebus Pesa,ES,1411,15258,230,131.0,1.0,0.06108271070913619,0.029815825784390185,not_declared,,,,,0,,0,,0,False,0.0,,
mdb-2777,EMT Tarragona,ES,591,12179,9,60.0,60.0,1.0,1.0,not_declared,,,,,0,,0,,0,False,11.550974025974027,,
mdb-2779,Autocorb Coaches,ES,249,5084,29,60.0,60.0,1.0,1.0,declared,0.5655457651501529,1.0,1.0,stopcount,0,,0,,0,False,19.40552130796033,,
mdb-2780,Costa Coaches,ES,100,1095,17,120.0,60.0,1.0,1.0,not_declared,,,,,0,,0,,0,False,,,
mdb-2788,Kbus (Barakaldo urban),ES,130,2979,4,60.0,60.0,1.0,1.0,not_declared,,,,,0,,0,,0,False,0.0,,
mdb-279,Clallam Transit System,US,427,5110,22,60.0,60.0,1.0,1.0,declared,0.6562240088716385,1.0,1.0,distance,0,,0,,0,False,5.138888888888889,,
mdb-2791,Leioa City Council (Lejoan Busa),ES,79,1593,4,60.0,60.0,1.0,1.0,not_declared,,,,,0,,0,,0,False,0.0,,
mdb-2792,Etxebarri Town Hall,ES,199,2736,4,60.0,60.0,1.0,1.0,not_declared,,,,,0,,0,,0,False,4.551552795031055,,
mdb-2794,Lázara Coaches,ES,283,5375,23,60.0,60.0,1.0,1.0,not_declared,,,,,0,,0,,0,False,,,
mdb-2797,TIB Transports of the Balearic Islands - CIE Consell Insular d'Eivissa (Ibiza Island Bus),ES,656,11583,17,120.0,60.0,1.0,1.0,not_declared,,,,,0,,0,,0,False,0.049019607843137254,,
mdb-2798,Fuengirola city bus,ES,149,1924,151,77.0,1.0,0.012474012474012475,0.0844187168355041,declared,0.9281234925229137,1.0,0.013513513513513514,distance,0,,0,,0,False,10.017731829573934,,
mdb-28,Los Angeles County Department of Public Works (the LINK and shuttles),US,495,12824,188,56.0,1.0,0.048580786026200876,0.24223555888972242,declared,0.7829707426856715,0.9951607328033184,0.0335345405767941,distance,10035,1.0,14,1.0,0,False,0.0,,
mdb-280,Island Transit,US,304,7645,207,60.0,1.0,0.07560497056899934,0.2973482468266935,declared,0.7138368731934146,1.0,0.015669014084507042,distance,5591,0.988195313897335,0,,0,False,2.696969696969697,,
mdb-2805,Cots Alsina,ES,256,2176,25,300.0,60.0,0.9797794117647058,0.013157894736842105,not_declared,,,,,0,,0,,0,False,,,
mdb-2816,Avanza Grupo (Segovia city bus),ES,912,11370,176,77.0,1.0,0.05681618293755497,0.2852141345057808,not_declared,,,,,0,,0,,0,False,0.6930350301039956,,
mdb-2818,Avanza Grupo (Soria city bus),ES,100,2253,134,70.0,1.0,0.1446959609409676,0.3531661708457289,not_declared,,,,,0,,0,,0,False,6.42020202020202,,
mdb-2819,Avanza Grupo (Huesca city bus),ES,62,1754,30,60.0,2.0,0.6972633979475484,0.8066088840736728,not_declared,,,,,0,,0,,0,False,0.0,,
mdb-2820,Consorcio Regional de Transportes de Madrid CRTM Madrid City Bus (Autobús urbano de Madrid),ES,7893,172676,434,67.0,1.0,0.14788968936042068,0.29885453119920447,not_declared,,,,,0,,0,,0,False,3.5747287433594703,,
mdb-2821,Xunta de Galicia Buses,ES,6673,126990,53,120.0,60.0,1.0,1.0,not_declared,,,,,0,,0,,0,False,2.506172839506173,,
mdb-2822,Vectalia Movilidad (Alicante city buses),ES,1987,49299,323,71.0,1.0,0.015375565427290615,0.054179055170135444,not_declared,,,,,0,,0,,0,False,11.832806947398785,,
mdb-2823,Salamanca de Transportes S.A. (Grupo Ruiz),ES,1810,33664,8,120.0,60.0,1.0,1.0,not_declared,,,,,0,,0,,0,False,6.4175248727880305,,
mdb-2824,Alavabus,ES,1049,12088,386,191.0,1.0,0.38484447385837195,0.41273779983457404,declared,0.9211218888638244,1.0,0.36244897959183675,distance,0,,0,,0,False,0.0,,
mdb-2825,ALSA buses,ES,10487,190276,52,60.0,60.0,1.0,1.0,not_declared,,,,,0,,0,,0,False,3.737849417052957,,
mdb-2826,Autoridad de Transporte Metropolitano del Área de Barcelona (ATM) Buses and trains in Catalonia (full version),ES,48178,619936,662,92.0,1.0,0.5678618438032313,0.3394131812250279,not_declared,,,,,0,,0,,3,True,5.7447161863271825,1.6933028919330289,True
mdb-2827,Consorcio Transportes Asturias,ES,13130,189912,47,120.0,60.0,1.0,1.0,not_declared,,,,,0,,0,,0,False,0.0,,
mdb-2828,Transportes de Murcia (Grupo Ruiz),ES,398,12388,7,60.0,60.0,1.0,1.0,not_declared,,,,,0,,0,,0,False,8.10344827586207,,
mdb-2831,Marble Valley Regional Transit District (MVRTD),US,424,3086,111,60.0,1.0,0.22650680492546987,0.49446874196038076,declared,0.8509244090802714,0.9497645211930926,0.4052307692307692,distance,490,0.9816326530612245,16,0.0,0,False,0.0,,
mdb-2836,Mobiave,PT,1637,49028,221,57.0,1.0,0.05898670147670719,0.24178769188326404,not_declared,,,,,0,,0,,0,False,0.07874015748031496,,
mdb-2837,TUBA - Transportes Urbanos de Barcelos,PT,488,14347,19,60.0,60.0,0.9993726911549453,0.9996833605995039,declared,0.722360018998364,1.0,0.9995616598480421,distance,6,1.0,0,,0,False,0.10273972602739725,,
mdb-2838,Guimabus - Transportes de Guimarães,PT,982,27841,8,60.0,60.0,1.0,1.0,not_declared,,,,,0,,0,,0,False,0.8881278538812786,,
mdb-2839,Waltti - Pori,FI,729,21118,151,45.0,1.0,0.295624585661521,0.5046459468119192,declared,0.8982011260127248,0.9712230215827338,0.4517657850481578,distance,9881,0.03542151604088655,64,0.03125,0,False,1.7792321116928447,,
mdb-284,Whatcom Transportation Authority,US,1109,22157,268,54.0,1.0,0.031051135081464096,0.2437892203214992,declared,0.7729734376343161,1.0,0.02168594306049822,distance,17594,0.11890417187677617,0,,0,False,6.885810810810812,,
mdb-2848,Urban Mobility Center - Sofia Traffic,BG,11026,260329,12,60.0,60.0,1.0,1.0,not_declared,,,,,0,,0,,0,False,,,
mdb-2855,Kingman Area Regional Transit,US,52,1441,6,60.0,60.0,1.0,1.0,not_declared,,,,,0,,0,,0,False,,,
mdb-2859,Hiawathaland Transit,US,107,82,7,510.0,60.0,0.8536585365853658,0.6151645207439199,declared,0.6788016685627607,1.0,0.023593466424682397,distance,538,1.0,0,,0,False,,,
mdb-2861,Galveston Island Transit,US,193,2826,8,60.0,60.0,1.0,1.0,declared,0.8309248554913294,1.0,1.0,distance,0,,0,,0,False,,,
mdb-2868,Societatea Metropolitană de Transport Timișoara,RO,3032,37725,29,120.0,60.0,1.0,1.0,declared,0.9183603840717454,1.0,1.0,stopcount,0,,0,,1,True,9.704092563315863,0.0,True
mdb-287,Community Transit (CT),US,2253,50082,39,60.0,60.0,1.0,1.0,declared,0.8875056223093234,1.0,1.0,distance,0,,0,,0,False,18.904983101530984,,
mdb-2871,Donan Bus,JP,806,30268,30,60.0,60.0,1.0,1.0,not_declared,,,,,0,,0,,0,False,,,
mdb-2877,PHLASH,US,88,1496,8,180.0,60.0,1.0,1.0,declared,0.05555555555555555,1.0,1.0,distance,0,,0,,0,False,,,
mdb-2880,Mountain View Transportation Management Association (MVgo),US,70,761,20,180.0,60.0,0.9632063074901446,0.9831528279181708,declared,0.6955475330926595,0.9762845849802372,0.986159169550173,distance,8,0.25,6,0.0,0,False,,,
mdb-2882,Rural Community Transportation (RCT),US,51,396,82,240.0,1.0,0.6843434343434344,0.8685064935064936,declared,0.34260429835651074,0.9980769230769231,0.16666666666666666,distance,75,1.0,1,0.0,0,False,,,
mdb-2884,VTrans,US,192,758,47,180.0,60.0,0.9129287598944591,0.5570291777188329,declared,0.8293721177722597,1.0,0.40527065527065526,distance,807,0.7422552664188352,0,,0,False,10.0,,
mdb-2885,Fairfax CUE Bus (CUE),US,113,5437,10,60.0,60.0,1.0,1.0,declared,0.03346346904629113,1.0,,stopcount,0,,0,,0,False,,,
mdb-2898,Systemaufgaben Kundeninformation SKI+,CH,144059,2007861,55,60.0,60.0,1.0,1.0,not_declared,,,,,0,,0,,2,True,3.295392847548272,6.19084237698245,False
mdb-29,Los Angeles County Metropolitan Transportation Authority (LA Metro),US,13396,755548,29,60.0,60.0,1.0,1.0,declared,0.8915051585024534,1.0,1.0,stopcount,0,,0,,0,False,14.529703586985983,,
mdb-290,Spokane Transit Authority (STA),US,2877,75519,307,48.0,1.0,0.022285782385889644,0.21723047094239503,declared,0.7930251543446094,0.9998151115493652,0.012980537236609297,distance,47889,0.45747457662511226,2,0.0,0,False,5.618735843973186,,
mdb-2900,Flixbus GB,GB,738,2694,42,1410.0,60.0,1.0,1.0,not_declared,,,,,0,,0,,0,False,59.375,,
mdb-2904,Czech national bus feed JDF,CZ,28248,432441,31,60.0,60.0,1.0,1.0,not_declared,,,,,0,,0,,2,True,1.2108313782844087,12.540609605709331,False
mdb-2906,Xplore Dundee,GB,1070,37588,10,60.0,60.0,1.0,1.0,not_declared,,,,,0,,0,,0,False,8.621925360474979,,
mdb-2907,Bluestar Bus,GB,2275,86593,15,60.0,60.0,1.0,1.0,not_declared,,,,,0,,0,,0,False,10.918130403116436,,
mdb-2908,Go Devon Bus,GB,260,4404,25,60.0,60.0,1.0,1.0,not_declared,,,,,0,,0,,0,False,0.0,,
mdb-2909,Coach Services,GB,132,2846,16,120.0,60.0,1.0,1.0,not_declared,,,,,0,,0,,0,False,,,
mdb-291,Butte-Silver Bow,US,63,1774,6,60.0,60.0,1.0,1.0,not_declared,,,,,0,,0,,0,False,0.0,,
mdb-2910,Gradski parking d.o.o.,HR,240,3553,12,60.0,60.0,1.0,1.0,not_declared,,,,,0,,0,,0,False,,,
mdb-2911,Midland Bluebird,GB,1553,46263,21,60.0,60.0,1.0,1.0,not_declared,,,,,0,,0,,0,False,4.836789832091846,,
mdb-2912,Sanders Coaches,GB,282,8021,17,60.0,60.0,1.0,1.0,not_declared,,,,,0,,0,,0,False,10.0,,
mdb-2919,IDS BK Regional Buses,SK,2240,36827,24,120.0,60.0,1.0,1.0,not_declared,,,,,0,,0,,0,False,,,
mdb-292,Mountain Line,US,594,10642,156,65.0,1.0,0.018417590678443903,0.26646493414026345,declared,0.7551619793520826,1.0,0.02863877430760165,distance,8242,0.1762921620965785,0,,0,False,0.0,,
mdb-2922,Flixbus Türkiye,TR,7265,77656,33,1800.0,60.0,1.0,1.0,not_declared,,,,,0,,0,,0,False,15.0,,
mdb-2928,Direkcija za javni prevoz Niš,RS,2544,48547,15,60.0,60.0,1.0,1.0,not_declared,,,,,0,,0,,0,False,4.685688600364368,,
mdb-293,University of Montana (UDASH),US,96,1387,56,56.0,1.0,0.0273972602739726,0.2663519892110587,declared,0.7653405259608901,1.0,0.04140969162995595,distance,1088,0.6084558823529411,0,,0,False,1.0975609756097562,,
mdb-2931,Ужгородська міська рада,UA,1400,25950,17,60.0,60.0,1.0,1.0,not_declared,,,,,0,,0,,0,False,5.103627194258559,,
mdb-2932,Стрийська міська рада,UA,800,9918,33,120.0,60.0,1.0,1.0,not_declared,,,,,0,,0,,0,False,1.9810744810744811,,
mdb-2933,Just Use Wheels,CN,2611,51933,932,104.0,1.0,0.026245354591492884,0.06652738069056521,not_declared,,,,,0,,0,,0,False,,,
mdb-2934,Fortaleza,BR,13204,247151,16,60.0,60.0,1.0,1.0,not_declared,,,,,0,,0,,0,False,,,
mdb-2935,ARCE - Agência Reguladora do Estado do Ceará,BR,4759,297213,513,48.0,1.0,0.011974577155104252,0.03195476275608174,not_declared,,,,,0,,0,,0,False,0.0,,
mdb-2938,Mandai Wildlife Reserve,SG,100,200,2,810.0,,1.0,1.0,not_declared,,,,,0,,0,,0,False,,,
mdb-2939,Trafiklab,SE,113510,2492645,1446,74.0,1.0,0.04545573075989561,0.24427192030284428,declared,0.787719515519696,0.9978217009878206,0.04119974883544341,distance,1589739,0.09739208763199493,1001,0.006993006993006993,3,True,5.949172648900149,3.0895288063070674,True
mdb-294,Capital Transit,US,217,193,7,240.0,60.0,1.0,1.0,declared,0.7391580283477893,1.0,1.0,distance,0,,0,,0,False,0.0,,
mdb-2940,"Družbe za upravljanje javnega potniškega prometa, d.o.o.",SI,9810,174031,53,120.0,60.0,0.9978796881015451,0.9989971703943018,not_declared,,,,,0,,0,,0,False,1.7246489859594383,,
mdb-2946,Odesa,UA,4092,166213,3,60.0,60.0,1.0,1.0,declared,0.8815382968855909,1.0,1.0,stopcount,0,,0,,1,True,0.0,2.3108606113158463,False
mdb-2947,Petaluma Transit,US,261,2531,10,60.0,60.0,1.0,1.0,declared,0.676609980485085,1.0,1.0,distance,0,,0,,0,False,2.0,,
mdb-2948,Santa Rosa CityBus,US,380,9426,8,60.0,60.0,1.0,1.0,declared,0.7958709446778086,1.0,1.0,distance,0,,0,,0,False,1.878787878787879,,
mdb-298,Carson Circuit,US,150,240,5,120.0,60.0,1.0,1.0,not_declared,,,,,0,,0,,0,False,0.0,,
mdb-2993,ASARA GIUSEPPE EREDI AUTOSERVIZI S.R.L.,IT,743,10106,45,120.0,60.0,1.0,1.0,not_declared,,,,,0,,0,,0,False,8.333333333333334,,
mdb-3,Barrie Transit,CA,581,23288,170,56.0,1.0,0.027439024390243903,0.15643721982487746,declared,0.8572206627843647,1.0,0.0159327501099653,distance,20135,0.6413707474546809,0,,0,False,4.636025280898877,,
mdb-301,Duluth Transit,US,861,26774,205,45.0,1.0,0.021364009860312245,0.18331825583499187,declared,0.8316627465170979,1.0,0.018013314188748204,distance,17515,0.3967456465886383,0,,0,False,0.4830139945524561,,
mdb-3031,Redding Area Bus Authority,US,197,3586,19,60.0,60.0,1.0,1.0,declared,0.7959183673469388,1.0,1.0,distance,0,,0,,0,False,0.0,,
mdb-3032,Humboldt Transit Authority,US,171,4688,27,60.0,60.0,1.0,1.0,declared,0.008100979653353428,1.0,1.0,distance,0,,0,,0,False,3.575,,
mdb-3033,Boston Express,US,57,136,10,1200.0,300.0,1.0,1.0,not_declared,,,,,0,,0,,0,False,,,
mdb-3038,Everett Transit,US,502,17144,162,50.0,1.0,0.020765282314512367,0.16609996599795987,not_declared,,,,,0,,0,,0,False,6.861372287010041,,
mdb-304,Chautauqua Area Regional Transit System (CARTS),US,88,1031,14,180.0,60.0,1.0,1.0,not_declared,,,,,0,,0,,0,False,,,
mdb-3040,Trasporto Passeggeri Emilia-Romagna,IT,8583,233649,439,74.0,1.0,0.07084986454040035,0.3143330004044673,not_declared,,,,,0,,0,,0,False,4.056678428260305,,
mdb-3045,JSP Skopje,MK,3974,97453,421,63.0,1.0,0.41002329327983744,0.4721425261518136,not_declared,,,,,0,,0,,0,False,1.419392045599775,,
mdb-3046,Transport Public Ungheni,MD,534,11576,208,60.0,1.0,0.6114374568071873,0.1965029822697933,not_declared,,,,,0,,0,,0,False,2.7742718446601944,,
mdb-3047,Tallinna Linn,EE,7640,170121,15,120.0,60.0,1.0,1.0,not_declared,,,,,0,,0,,1,True,15.233876908840307,2.205684488921483,True
mdb-3048,Translink South East Queensland (Translink SEQ),AU,20894,486751,35,60.0,60.0,1.0,1.0,declared,0.7407157465620889,1.0,1.0,stopcount,0,,0,,2,True,12.213398226803777,1.62534435261708,True
mdb-3050,APSRTC,IN,3075,50744,60,900.0,60.0,1.0,1.0,not_declared,,,,,0,,0,,0,False,,,
mdb-307,Cincinnati Metro,US,2938,125352,37,60.0,60.0,1.0,1.0,declared,0.8908336468573983,1.0,1.0,distance,0,,0,,0,False,6.104184457728437,,
mdb-308,DeKalb Public Transit,US,498,216,5,180.0,120.0,1.0,1.0,declared,0.7516794625719769,1.0,1.0,distance,0,,0,,0,False,0.0,,
mdb-3096,Ventura County Transportation Commission,US,163,1450,39,420.0,60.0,1.0,1.0,declared,0.15727554179566564,1.0,1.0,distance,0,,0,,0,False,,,
mdb-3097,Glendora Transportation Division,US,89,450,8,120.0,60.0,1.0,1.0,declared,0.48175182481751827,1.0,1.0,distance,0,,0,,0,False,48.94736842105263,,
mdb-3099,City of Tracy (TRACER),US,97,3118,111,60.0,1.0,0.5449005772931367,0.6706065318818041,declared,0.8460342146189735,1.0,0.6106617647058824,distance,879,0.03981797497155859,0,,0,False,1.6922480620155038,,
mdb-3100,Thousand Oaks Transit,US,98,1977,14,120.0,60.0,1.0,1.0,declared,0.7995180722891566,1.0,1.0,distance,0,,0,,0,False,,,
mdb-3104,"Horários do Funchal - Transportes Públicos, S.A",PT,2446,69405,287,49.0,1.0,0.013644550104459334,0.08476439644855131,declared,0.9293189345653928,0.9986217759401457,0.015259288099552255,distance,65760,0.7390358880778589,3,0.0,0,False,2.0878155313051145,,
mdb-3106,Nuup Bussii A/S,GL,138,2809,5,120.0,60.0,1.0,1.0,not_declared,,,,,0,,0,,0,False,0.5714285714285717,,
mdb-3111,Gobierno del Estado de Aguascalientes,MX,92,4078,83,73.0,1.0,0.029671407552721924,0.015587529976019185,not_declared,,,,,0,,0,,0,False,,,
mdb-3112,Pacific Transit,US,172,871,22,180.0,60.0,0.8668197474167624,0.9165867689357622,declared,0.5167785234899329,1.0,0.8385899814471243,distance,87,1.0,0,,0,False,,,
mdb-3115,Suffolk County Transit,US,1106,56743,15,60.0,60.0,1.0,1.0,declared,0.8855397951142632,1.0,1.0,distance,0,,0,,0,False,11.572143452877398,,
mdb-3117,Merced County Transit (The Bus),US,403,8773,16,120.0,60.0,1.0,1.0,declared,0.7130573248407643,1.0,1.0,distance,0,,0,,0,False,0.27312775330396477,,
mdb-3121,"VšĮ ""Žaliasis regionas""",LT,134,1456,11,120.0,60.0,1.0,1.0,not_declared,,,,,0,,0,,0,False,,,
mdb-3125,MZK Kutno,PL,327,6423,5,60.0,60.0,1.0,1.0,not_declared,,,,,0,,0,,0,False,6.666666666666667,,
mdb-3131,"Ahmedabad Janmarg Ltd, Ahmedabad Municipal Transit Services",IN,9760,439848,23,60.0,60.0,1.0,1.0,declared,0.9595856703043705,1.0,1.0,stopcount,0,,0,,0,False,16.320822782176798,,
mdb-3132,"Administration des transports publics, Luxembourg",LU,14311,347767,445,70.0,1.0,0.27141448153505077,0.21299420675639108,not_declared,,,,,0,,0,,2,True,2.2744121080384816,2.919211822660099,False
mdb-3133,Algoa Bus,ZA,9479,144993,377,214.0,1.0,0.12024028746215334,0.30476849994175287,not_declared,,,,,0,,0,,0,False,72.2647790989496,,
mdb-3137,PMPML,IN,10728,445082,318,78.0,1.0,0.31208631218517036,0.07792110920977578,declared,0.9764643938396735,1.0,0.05569635041744179,stopcount,0,,0,,0,False,0.0,,
mdb-3138,"Mumbai Bus (BEST, KDMT)",IN,78876,1053561,42,60.0,60.0,1.0,1.0,declared,0.9272566969102818,1.0,1.0,stopcount,0,,0,,0,False,0.0,,
mdb-314,Compton Renaissance,US,78,114,7,300.0,60.0,1.0,1.0,declared,0.7127659574468085,1.0,,distance,0,,0,,0,False,0.0,,
mdb-3140,Guelph Transit,CA,2459,40153,170,51.0,1.0,0.018080840784001195,0.24385049266271913,declared,0.767781496477637,1.0,0.015150129553421734,distance,22692,0.46646395205358715,0,,0,False,2.84313305055915,,
mdb-3141,Hubli Dharwad Bus Rapid Transit System Company Ltd.,IN,8620,184270,20,60.0,60.0,1.0,1.0,declared,0.9106226346622427,1.0,1.0,stopcount,0,,0,,0,False,0.0,,
mdb-3142,Rajkot Rampath Limited,IN,3160,88253,22,120.0,60.0,1.0,1.0,declared,0.9328438300268838,1.0,1.0,stopcount,0,,0,,0,False,1.254945054945055,,
mdb-3145,Autobuses urbanos de Burgos,ES,1518,27676,294,85.0,1.0,0.036529845353374765,0.12399808179762965,not_declared,,,,,0,,0,,0,False,4.9489781830635495,,
mdb-3146,SkyBus Melbourne,AU,381,1271,36,300.0,60.0,1.0,1.0,declared,0.08050847457627118,1.0,1.0,distance,0,,0,,0,False,107.5,,
mdb-3149,Shore Transit,US,81,988,238,259.0,1.0,0.11336032388663968,0.3985032740879326,declared,0.618334892422825,1.0,0.02723146747352496,distance,643,1.0,0,,0,False,6.699999999999998,,
mdb-315,Corpus Christi Regional Transportation Authority,US,1076,34861,224,48.0,1.0,0.02010843062448008,0.14559973289557887,declared,0.8681450154419743,1.0,0.015832318441125568,distance,30708,0.9825452650775043,0,,0,False,0.017028522775649205,,
mdb-3155,Aytos-Avtrotransport Ltd.,BG,57,658,27,90.0,30.0,0.3191489361702128,0.2962962962962963,declared,0.8436213991769548,0.4298245614035088,0.27154471544715447,stopcount,448,0.011160714285714286,0,,0,False,,,
mdb-3156,Rzeszowski Transport Miejski,PL,3190,70789,23,60.0,60.0,1.0,1.0,not_declared,,,,,0,,0,,0,False,10.530183956223077,,
mdb-3157,BAS.MY Kangar,MY,147,7933,5,50.0,60.0,0.0,0.0,not_declared,,,,,0,,0,,0,False,,,
mdb-3158,BAS.MY Alor Setar,MY,402,17292,5,50.0,60.0,0.0,0.0,not_declared,,,,,0,,0,,0,False,0.0,,
mdb-3159,BAS.MY Kota Bharu,MY,376,23399,9,50.0,60.0,0.0,0.0,not_declared,,,,,0,,0,,0,False,0.0,,
mdb-3161,BAS.MY Ipoh,MY,354,17744,2,60.0,,1.0,1.0,not_declared,,,,,0,,0,,0,False,0.0,,
mdb-3164,BAS.MY Melaka,MY,477,19599,3,60.0,60.0,1.0,1.0,not_declared,,,,,0,,0,,0,False,0.0,,
mdb-3165,BAS.MY Johor Bahru,MY,1782,74657,4,60.0,60.0,1.0,1.0,not_declared,,,,,0,,0,,0,False,0.0,,
mdb-3166,BAS.MY Kuching,MY,310,5099,9,50.0,60.0,0.0,0.0,not_declared,,,,,0,,0,,0,False,,,
mdb-3175,Tokyo Metropolitan Bureau of Transportation - Toei Bus,JP,15014,262517,19,120.0,60.0,1.0,1.0,not_declared,,,,,0,,0,,0,False,13.866453538481565,,
mdb-3180,PKS w Rzeszowie S.A.,PL,1078,29073,13,60.0,60.0,1.0,1.0,not_declared,,,,,0,,0,,0,False,8.421052631578947,,
mdb-3183,GoTriangle,US,870,17036,416,72.0,1.0,0.02400798309462315,0.1979783312856026,declared,0.8187758293309505,0.9919876733436055,0.02223586385649001,distance,14335,1.0,15,0.0,0,False,15.6784275248561,,
mdb-3186,Transportes Colectivos do Barreiro,PT,967,21612,7,60.0,60.0,1.0,1.0,declared,0.9196843853820598,1.0,1.0,distance,0,,0,,0,False,10.204339641839642,,
mdb-3187,Springfield Mass Transit District (SMTD),US,990,31393,194,35.0,1.0,0.010002229796451437,0.1274125312664052,declared,0.8899731340518173,1.0,0.01953504510756419,distance,28257,0.11604204267968998,0,,0,False,0.0,,
mdb-3188,Transporte Público Urbano de Ibagué,CO,62,3825,241,46.0,1.0,0.012287581699346406,0.016815286624203823,not_declared,,,,,0,,0,,0,False,,,
mdb-3189,Komunikacja miejska w Jarosławiu,PL,168,2482,4,120.0,60.0,1.0,1.0,not_declared,,,,,0,,0,,0,False,0.0,,
mdb-319,Groome Transportation,US,174,901,15,900.0,300.0,1.0,1.0,declared,0.8671363865123302,1.0,1.0,distance,0,,0,,0,False,,,
mdb-3190,Société de transport de Laval,CA,2148,78307,21,60.0,60.0,1.0,1.0,not_declared,,,,,0,,0,,0,False,4.347901829353442,,
mdb-3191,Polish Trains,DE,719,4144,78,450.0,30.0,0.5019305019305019,0.739478546499692,not_declared,,,,,0,,0,,1,False,0.0,2.849635798573476,
mdb-3193,CobbLinc,US,575,21907,234,61.0,1.0,0.026429908248505045,0.17053642914331466,declared,0.8380037363223912,1.0,0.01019108280254777,distance,18648,1.0,0,,0,False,9.956110937824912,,
mdb-32,"Gold Coast Transit, South Coast Area Transit",US,680,16940,8,60.0,60.0,1.0,1.0,not_declared,,,,,0,,0,,0,False,10.689285714285715,,
mdb-320,Delano Area Rapid Transit,US,64,1024,5,60.0,60.0,1.0,1.0,declared,0.8823529411764706,1.0,1.0,distance,0,,0,,0,False,,,
mdb-3202,El Paso Transportation Authority,US,66,1891,113,135.0,1.0,0.11792702273929138,0.35666836995401124,declared,0.6469085334695963,1.0,0.005529225908372828,stopcount,1259,0.02938840349483717,0,,0,False,0.0,,
mdb-3211,Rocky Mountain National Park,US,149,513,6,240.0,60.0,1.0,1.0,declared,0.5498489425981873,1.0,1.0,distance,0,,0,,0,False,0.0,,
mdb-3219,Rogue Valley Transportation District (RVTD),US,296,7874,111,51.0,1.0,0.024638049276098552,0.22215422276621788,declared,0.7791921664626683,0.9850332594235033,0.0059692114357524344,distance,6328,0.9957332490518331,27,0.0,0,False,0.33879781420765026,,
mdb-322,Key West Transit,US,76,1386,21,60.0,60.0,0.9985569985569985,0.9994788952579469,declared,0.6832740213523132,1.0,0.9992283950617284,distance,1,0.0,0,,0,False,,,
mdb-3220,Athens Urban Transport Organization (OASA) - Road Transport Routes,GR,15097,641625,722,67.0,1.0,0.01850146113383986,0.06046588820692879,not_declared,,,,,0,,0,,0,False,4.564262037220475,,
mdb-3226,Московский транспорт - Moscow Transport,RU,71564,1845552,37,60.0,60.0,1.0,1.0,not_declared,,,,,0,,0,,1,True,5.659101661235457,0.7546589584127172,True
mdb-3230,Kyiv,UA,7601,25200,55,660.0,60.0,1.0,1.0,not_declared,,,,,0,,0,,1,True,24.64816294816295,5.257073442385228,True
mdb-3233,Verkehrsverbund Berlin-Brandenburg (VBB),DE,49073,1034861,116,60.0,3.0,0.9234573532097547,0.9255983206844058,not_declared,,,,,0,,0,,3,True,5.04023105556231,15.317073170731707,False
mdb-3235,"ABuss OÜ, Aktsiaselts Hansa Bussiliinid, Aktsiaselts MK Autobuss, Alukvik OÜ, Arilix OÜ, AS Lux Express Estonia, Asunduse osaühing, ATG Bussiliinid OÜ, Atko Bussiliinid AS, ATKO Liinid OÜ, ATKO Transport OÜ, Ekspress-Auto L Osaühing, Ekspressbussiliinid osaühing, Elmar Purga FIE, ELRON, Estonian Lines OÜ, GoBus AS, HANSABUSS AS, Kalle Bussid OÜ, MEELIS HEEK, MK Reis-X OÜ, NAJA OÜ, Osaühing Bristol Takso, OSAÜHING FREMANTI, osaühing Tulisilm, OV Ida-Bus OÜ, OÜ Baltic Shuttle, PRESTO osaühing, Radix Transport OÜ, Rannu Rukkilill E.S.T. OÜ, Saaremaa vald, SEBE Aktsiaselts, Sirel Reisid OÜ, Taisto Express OÜ, Tallinna Linnatranspordi AS, TS Laevad OÜ, Tõnu Tours OÜ, Valgis osaühing",EE,12392,292253,188,90.0,1.0,0.9603836402021536,0.9594878193588535,declared,0.001244574828474094,0.9594500516569975,0.9897959183673469,distance,4,1.0,12666,0.06505605558187273,1,True,13.160028652206135,2.205684488921483,True
mdb-3236,Romanian Railway Operators,RO,100,1691,32,300.0,60.0,0.9982259018332348,0.7749860413176997,not_declared,,,,,0,,0,,0,False,,,
mdb-3237,SL,SE,29815,569066,889,78.0,1.0,0.04068948065777959,0.2458385445328264,declared,0.7774342555071956,0.9999700298203288,0.029943973024684472,distance,451861,0.010735602320182534,3,0.0,3,True,9.171707919797706,0.46950741711475585,True
mdb-3238,UL,SE,6038,177219,788,71.0,1.0,0.021346469622331693,0.19669653283277494,declared,0.8168578319564339,0.999821231713494,0.016633377644473243,distance,147156,0.030165266791704042,3,0.0,1,True,7.281901440929403,1.5964912280701755,True
mdb-3239,Sörmlandstrafiken,SE,2987,72384,447,71.0,1.0,0.07128647214854111,0.3162795633315205,declared,0.6942259480826115,1.0,0.015132697709077709,distance,51541,0.040744261849789486,0,,0,False,9.256772002882158,,
mdb-324,LeeTran,US,767,31479,263,43.0,1.0,0.014898821436513231,0.12513179929293555,declared,0.8893506171308069,0.9997197309417041,0.016319129646418858,distance,28210,0.13984402694080114,0,,0,False,1.954489544895449,,
mdb-3240,Östgötatrafiken,SE,4412,90386,618,80.0,1.0,0.022946031465049897,0.20178464069866786,declared,0.8113470240167073,1.0,0.016185016185016186,distance,75677,0.022120327179988637,0,,1,True,7.183975279255892,4.04055518949136,True
mdb-3241,JLT,SE,3388,93595,532,68.0,1.0,0.019028794273198354,0.16210057432745945,declared,0.8470969138921254,0.9726886506170342,0.015787423619056894,distance,80784,0.014532580709051297,399,0.015037593984962405,0,False,3.330901097369102,,
mdb-3242,Kronoberg,SE,2165,46622,514,74.0,1.0,0.03369653811505298,0.17096767581527866,declared,0.840551786336524,1.0,0.01370464299648849,distance,40428,0.015657465123181953,0,,0,False,2.752124823367598,,
mdb-3243,KLT,SE,2871,62869,548,76.0,1.0,0.06399020184828771,0.3103128374370751,declared,0.7012455705443098,1.0,0.01648268233967338,distance,45349,0.034840900571126154,0,,0,False,2.072471480212197,,
mdb-3244,Gotland,SE,312,7887,12,60.0,60.0,1.0,1.0,not_declared,,,,,0,,0,,0,False,1.2222222222222223,,
mdb-3245,Blekingetrafiken,SE,1766,37301,346,64.0,1.0,0.0508297364681912,0.28416153039564207,not_declared,,,,,0,,0,,0,False,3.288072363366481,,
mdb-3246,Skånetrafiken,SE,15325,323835,640,87.0,1.0,0.0320595364923495,0.2458711431081551,declared,0.7669679656130048,0.9894742168918577,0.019938190456421964,distance,254680,0.0194243756871368,830,0.0,1,True,5.502034530248563,1.404109589041096,True
mdb-3247,Hallandstrafiken,SE,2653,67664,370,67.0,1.0,0.03988827145897375,0.2172305416897763,declared,0.7982138032054837,1.0,0.019348631698973773,distance,55042,0.021020311761927257,0,,0,False,2.339444048608637,,
mdb-3248,Västtrafik,SE,23682,478385,793,72.0,1.0,0.048414979566667016,0.253443273843066,declared,0.7677569786404519,0.9998713936639945,0.0276521360250638,distance,371692,0.4237729087524079,15,0.06666666666666667,2,True,4.11884384292836,5.551671732522797,False
mdb-3249,Värmlandstrafik,SE,3385,87310,493,63.0,1.0,0.0523536822815256,0.2615522012855993,declared,0.7503335281211065,1.0,0.01584059483049976,distance,47540,0.02511569204880101,0,,0,False,4.7548746939561495,,
mdb-325,Hillsborough Area Regional Transit (HART),US,1541,73397,353,50.0,1.0,0.01718053871411638,0.11223945127972457,declared,0.9020123301929596,1.0,0.01579998520600636,distance,49878,0.21069409358835559,0,,1,True,7.187300186329313,0.0,True
mdb-3250,Örebro,SE,1736,44995,355,72.0,1.0,0.07060784531614624,0.25599708972630586,declared,0.756007789261946,1.0,0.01587930595261683,distance,34768,0.020449838932351586,0,,0,False,3.081256073858115,,
mdb-3251,Västmanland,SE,2152,57250,373,73.0,1.0,0.021746724890829693,0.21008162921821089,declared,0.8006563998990154,1.0,0.01341153223602615,distance,46933,0.019943323461104126,0,,0,False,5.834042918098646,,
mdb-3252,Dalatrafik,SE,2556,70692,558,60.0,1.0,0.06835285463701692,0.30254060467209426,declared,0.7087646088177938,1.0,0.01595058972928251,distance,51031,0.02318198741941173,0,,0,False,5.659421914272128,,
mdb-3253,X-trafik,SE,3608,96907,462,55.0,1.0,0.022691859205217373,0.17219630119678866,declared,0.8425073866632179,1.0,0.017452295484602306,distance,83210,0.028830669390698234,0,,0,False,3.535869214013968,,
mdb-3254,Din Tur - Västernorrland,SE,2494,63302,732,60.0,1.0,0.15749897317620296,0.3677316536389163,not_declared,,,,,0,,0,,0,False,4.2089075820151525,,
mdb-3255,Jämtland,SE,1333,43097,703,58.0,1.0,0.01740260342947305,0.11235651586765699,declared,0.903353589916723,1.0,0.017390871038469206,distance,39438,0.026167655560626807,0,,0,False,5.658075327019425,,
mdb-3256,Västerbotten,SE,2224,48968,845,87.0,1.0,0.041455644502532266,0.2011055335273551,declared,0.8195206750395531,1.0,0.025168625020854686,distance,40900,0.013349633251833741,0,,0,False,3.897077938433538,,
mdb-3257,Norrbotten,SE,1266,29829,778,76.0,1.0,0.14613295785980088,0.3938897981451173,declared,0.6153846153846154,1.0,0.015070921985815602,distance,18875,0.035973509933774836,0,,0,False,5.147381756756757,,
mdb-326,Pinellas Suncoast Transit Authority (PSTA),US,2085,123508,286,35.0,1.0,0.0088496291738187,0.09080123892255142,declared,0.9278144482574666,1.0,0.02006401949762716,distance,114189,0.09821436390545499,0,,0,False,1.7214329542217255,,
mdb-3261,Flixbus,DE,269,1505,37,600.0,60.0,1.0,1.0,not_declared,,,,,0,,0,,0,False,0.75,,
mdb-3266,Luleå Lokaltrafik,SE,746,21054,169,59.0,1.0,0.10862543934644248,0.36237316025230826,declared,0.6496480482676662,1.0,0.018504186308309294,stopcount,13950,0.052186379928315416,0,,0,False,8.571360544217688,,
mdb-327,Sarasota County Area Transit,US,543,29320,148,34.0,1.0,0.006582537517053206,0.11874225630378729,declared,0.8925760975119713,0.9956359102244389,0.013205777527668355,distance,21117,0.24127480229199225,14,0.0,0,False,0.6040268456375839,,
mdb-3276,Skellefteåbuss,SE,302,8549,149,71.0,1.0,0.05591297227745935,0.21534289910744547,declared,0.8060106202688961,1.0,0.026492851135407905,distance,6945,0.037149028077753776,0,,0,False,0.0,,
mdb-3287,Vy Bus4You,SE,112,409,16,2220.0,120.0,1.0,1.0,not_declared,,,,,0,,0,,0,False,,,
mdb-3288,Vy Flygbussarna,SE,400,2853,19,180.0,60.0,1.0,1.0,not_declared,,,,,0,,0,,0,False,0.0,,
mdb-330,Broward County Transit,US,2518,134168,52,60.0,60.0,1.0,1.0,declared,0.911240877582302,1.0,1.0,distance,0,,0,,0,False,9.945628997867804,,
mdb-331,Miami-Dade Transit,US,5557,316353,595,57.0,1.0,0.01657958040543317,0.12276685881826765,declared,0.8917687472046911,0.998392975005022,0.016494787911716664,distance,226469,0.2535887914019137,36,0.0,0,False,13.993270936771255,,
mdb-332,Palm Tran,US,1383,82637,371,49.0,1.0,0.015077991698633783,0.10686614060770522,declared,0.9065233691577106,1.0,0.014770176060498642,distance,75042,0.13990831800858186,0,,0,False,5.872672328784554,,
mdb-333,South Florida Regional Transportation Authority (Tri-Rail),US,72,288,2,450.0,,1.0,1.0,not_declared,,,,,0,,0,,1,False,0.0,4.705882352941177,
mdb-335,Escambia County Area Transit (ECAT),US,417,142,9,600.0,120.0,1.0,1.0,declared,0.9979018044481746,1.0,1.0,distance,0,,0,,0,False,0.0,,
mdb-3355,"Agyad, Box Paratransit, Cooperative paratransit 29 Seater (Grey Licenseplates), Cairo Transport Authority, Minibus licensed by CTA, Green Bus, El Masreya, Paratransit 8 Seater Suzuki Chevrolet or DMF (Blue Licenseplates), Paratransit 14 Seater Microbus (Orange Licenseplates)",EG,1784,42943,771,75.0,1.0,0.026034510863237315,0.017365844936638133,not_declared,,,,,0,,0,,0,False,,,
mdb-3356,MIO Cali,CO,60293,1196573,453,70.0,1.0,0.0750133924131666,0.044478090743165936,not_declared,,,,,0,,0,,0,False,15.004604649024804,,
mdb-3357,"Red Metropolitana de Movilida, EFE Trenes de Chile, Bus de Acercamiento Aeropuerto, Metro de Santiago",CL,6629,372078,1098,69.0,1.0,0.01854449873413639,0.033904839361300426,not_declared,,,,,0,,0,,1,False,,0.6518143594825889,
mdb-3358,SIMUR Bogota,CO,80950,4170960,2188,96.0,1.0,0.017209946870744387,0.03207449110132821,not_declared,,,,,0,,0,,0,False,15.66927462243464,,
mdb-3359,Road and Transport Authority (RTA),AE,12308,266352,101,120.0,30.0,0.5523480206643839,0.5518648561499051,not_declared,,,,,0,,0,,1,True,39.489311642242136,0.006697155890704154,True
mdb-336,Emerald Coast Rider (ECR),US,158,1274,13,60.0,60.0,1.0,1.0,not_declared,,,,,0,,0,,0,False,,,
mdb-3361,Hyderabad TGSRTC Bus,IN,44892,891404,3541,1614.0,1.0,0.04853018384481111,0.06232659226152381,not_declared,,,,,0,,0,,0,False,93.8330018960225,,
mdb-3362,Hamburger Verkehrsverbund GmbH (HVV),DE,39444,784295,53,60.0,60.0,0.9650412153590167,0.982470428025954,not_declared,,,,,0,,0,,2,True,4.175484069369817,1.7710843373493976,True
mdb-3364,"Osaühing Bristol Takso, Papiniidu Projekt AS, Piiroja Invest OÜ, SEBE Aktsiaselts",EE,576,10285,5,60.0,60.0,1.0,1.0,declared,0.04675633635282277,1.0,1.0,distance,0,,0,,0,False,0.3191489361702128,,
mdb-3365,GoBus AS,EE,183,5565,5,60.0,60.0,1.0,1.0,declared,0.00017041581458759374,1.0,1.0,distance,0,,0,,0,False,8.08,,
mdb-3366,"GoBus AS, NAJA OÜ, OSAÜHING FREMANTI, OV Ida-Bus OÜ",EE,228,5851,10,60.0,60.0,1.0,1.0,not_declared,,,,,0,,0,,0,False,4.035087719298246,,
mdb-3367,HANSABUSS AS,EE,60,957,7,60.0,60.0,1.0,1.0,not_declared,,,,,0,,0,,0,False,,,
mdb-3369,"GoBus AS, MK Reis OÜ",EE,161,3366,18,60.0,60.0,1.0,1.0,not_declared,,,,,0,,0,,0,False,0.0,,
mdb-337,Bay Town Trolley,US,200,4291,190,60.0,1.0,0.05360055931018411,0.05733743409490334,declared,0.7010105448154658,0.15576781778104334,0.015355687872140394,distance,3138,0.04811982154238369,931,0.0322234156820623,0,False,,,
mdb-3375,GoBus AS,EE,161,4557,16,120.0,60.0,1.0,1.0,declared,0.00021003990758244065,1.0,1.0,distance,0,,0,,0,False,,,
mdb-3378,"HANSABUSS AS, Kihnu Veeteed AS",EE,299,10417,18,120.0,60.0,1.0,1.0,declared,9.324009324009324e-05,1.0,1.0,distance,0,,0,,0,False,,,
mdb-3379,"ATG Bussiliinid OÜ, GoBus AS",EE,104,3392,19,120.0,60.0,1.0,1.0,not_declared,,,,,0,,0,,0,False,,,
mdb-338,Montgomery Transit,US,223,62,2,300.0,,1.0,1.0,declared,0.9254234500904457,1.0,1.0,distance,0,,0,,0,False,,,
mdb-3386,Cotral S.p.A.,IT,5649,175542,1209,67.0,1.0,0.08870811543676158,0.324609609692373,not_declared,,,,,0,,0,,0,False,10.519784810943348,,
mdb-3392,Jefferson County Public Transit (JCPT),US,50,241,31,600.0,60.0,1.0,1.0,declared,0.10652920962199312,1.0,1.0,distance,0,,0,,0,False,,,
mdb-3393,KentKart Safranbolu,TR,172,2901,1,60.0,,1.0,1.0,not_declared,,,,,0,,0,,0,False,0.0,,
mdb-3394,KentKart Osmaniye,TR,1166,21704,1,60.0,,1.0,1.0,not_declared,,,,,0,,0,,0,False,0.0,,
mdb-3395,KentKart Ordu,TR,1722,70776,1,60.0,,1.0,1.0,not_declared,,,,,0,,0,,0,False,0.0,,
mdb-3396,KentKart Muğla,TR,11195,288121,783,28.0,1.0,0.06540654794339879,0.09181162521397644,not_declared,,,,,0,,0,,0,False,0.0,,
mdb-3397,KentKart Mardin,TR,6064,150311,16,90.0,10.0,0.17516349435503722,0.49521349047494195,not_declared,,,,,0,,0,,0,False,0.0,,
mdb-3398,KentKart Kocaeli,TR,16878,840162,808,30.0,1.0,0.007084348018596413,0.035991703654348235,not_declared,,,,,0,,0,,1,True,0.0,0.0,False
mdb-3399,KentKart Kirklareli,TR,502,9832,6,60.0,60.0,1.0,1.0,not_declared,,,,,0,,0,,0,False,0.0,,
mdb-3400,KentKart Kastamonu,TR,803,7382,25,180.0,30.0,0.781630994310485,0.868492397155318,not_declared,,,,,0,,0,,0,False,0.0,,
mdb-3401,KentKart Gaziantep,TR,10591,625546,559,61.0,1.0,0.021477237485332812,0.023464865815229396,not_declared,,,,,0,,0,,2,True,0.0,0.0,False
mdb-3402,KentKart Erzurum,TR,1476,110069,46,50.0,10.0,0.006750311168448882,0.14503112544225,not_declared,,,,,0,,0,,2,True,0.0,0.0,False
mdb-3403,KentKart Duzce,TR,2220,105809,121,60.0,1.0,0.8801236189738113,0.883713828300682,not_declared,,,,,0,,0,,0,False,0.0,,
mdb-3404,KentKart Canakkale,TR,62,2356,54,39.0,1.0,0.013582342954159592,0.050806451612903224,not_declared,,,,,0,,0,,0,False,0.0,,
mdb-3405,KentKart Burdur,TR,356,12719,1,60.0,,1.0,1.0,not_declared,,,,,0,,0,,0,False,0.0,,
mdb-3406,KentKart Antalya,TR,7517,462126,241,60.0,1.0,0.2951402864153932,0.04842274248630971,not_declared,,,,,0,,0,,2,True,0.0,0.0,False
mdb-3407,KentKart Adana,TR,14759,461174,8,60.0,30.0,0.9978706518580839,0.9976863027870959,not_declared,,,,,0,,0,,0,False,0.0,,
mdb-3408,JAX Mass Transit District,US,72,1236,9,120.0,60.0,1.0,1.0,not_declared,,,,,0,,0,,0,False,,,
mdb-3409,Singapore typical weekday,SG,795,25997,53,126.0,63.0,0.00030772781474785554,0.05276316280458226,not_declared,,,,,0,,0,,0,False,,,
mdb-341,Hernando County Transit (TheBus),US,72,24,2,540.0,,1.0,1.0,not_declared,,,,,0,,0,,0,False,,,
mdb-3412,Transportes Metropolitanos de Lisboa (TML),PT,34826,932394,631,60.0,1.0,0.5056875097866352,0.6212442084794773,declared,0.6434515083314406,0.9935593356900424,0.41493744672123717,distance,36582,0.585479197419496,2497,0.38526231477773326,3,True,7.292095770777452,15.683557056496618,False
mdb-343,SunTran,US,193,4206,169,52.0,1.0,0.029957203994293864,0.19663559899977268,declared,0.8204137303932711,1.0,0.020781379883624274,distance,3534,0.9640633842671195,0,,0,False,,,
mdb-344,StarMetro,US,902,23133,272,63.0,1.0,0.01033156097350106,0.20505033696646977,declared,0.8129628088859306,1.0,0.022157404564527684,distance,19092,0.8339618688455898,0,,0,False,1.2769647696476962,,
mdb-347,Central Florida Regional Transit Authority (LYNX),US,3156,841,33,600.0,60.0,1.0,1.0,not_declared,,,,,0,,0,,0,False,90.78947368421052,,
mdb-348,Sarasota County Area Transit (SCAT),US,437,15474,139,60.0,1.0,0.4972211451466977,0.7069951605807303,declared,0.7719187983156307,0.8341140810140535,0.669434945448624,distance,4027,0.04196672460888999,515,0.001941747572815534,0,False,1.0125786163522013,,
mdb-349,Votran,US,898,41613,288,36.0,1.0,0.015451902049840194,0.15264284538119546,declared,0.865493636941027,1.0,0.020955072975837794,distance,36022,0.18224973627227806,0,,0,False,0.15823412698412698,,
mdb-35,Palos Verdes Peninsula Transit Authority (PVPTA),US,119,328,13,180.0,60.0,1.0,1.0,declared,0.6419014084507042,1.0,,distance,0,,0,,0,False,46.666666666666664,,
mdb-350,Sunshine Bus Company,US,92,710,15,300.0,60.0,1.0,1.0,not_declared,,,,,0,,0,,0,False,,,
mdb-352,Charleston Area Regional Transportation Authority (CARTA),US,904,23496,324,63.0,1.0,0.032345931222335714,0.21352459016393444,declared,0.8042622950819672,1.0,0.022115776600081533,distance,18766,0.7521048705104977,0,,0,False,9.823246455931777,,
mdb-36,Lawndale Beat,US,60,686,6,60.0,60.0,1.0,1.0,declared,0.8449612403100775,1.0,1.0,distance,0,,0,,0,False,0.0,,
mdb-360,Nashville MTA WeGo Public Transit,US,2761,86119,355,53.0,1.0,0.016221739685783627,0.14420556436824283,declared,0.8686984598422717,1.0,0.014854434314131786,distance,48923,0.314657727449257,0,,0,False,8.662088666057157,,
mdb-362,Blue Grass Community Action Partnership,US,206,1709,18,120.0,60.0,1.0,1.0,declared,0.3368146214099217,1.0,1.0,distance,0,,0,,0,False,0.0,,
mdb-368,Metropolitan Atlanta Rapid Transit Authority (MARTA),US,6915,338837,379,37.0,1.0,0.008850863394493518,0.10759156852310327,declared,0.9048017075823134,0.9815281786419565,0.015640733033496678,distance,230904,0.2102605411772858,309,0.0,1,True,5.601043856067884,0.0,True
mdb-37,Big Blue Bus,US,1577,56710,295,72.0,1.0,0.025022041967906895,0.13908761816528556,declared,0.8702626657745295,0.9795027770431103,0.013799901429275506,distance,41097,0.28902352969803147,105,0.0,0,False,16.950165292520623,,
mdb-373,Piedmont Authority for Regional Transportation (PART),US,248,1809,124,200.0,1.0,0.2564953012714207,0.5780262518230432,declared,0.42245989304812837,1.0,0.0011507479861910242,distance,868,1.0,0,,0,False,0.4557823129251707,,
mdb-378,Duke University,US,874,905,8,120.0,60.0,1.0,1.0,declared,0.6524246395806029,1.0,1.0,distance,0,,0,,0,False,22.5,,
mdb-38,Culver City Bus,US,618,17793,331,67.0,1.0,0.014781093688529198,0.18928901200369344,declared,0.8214111129216229,1.0,0.013026515902929314,distance,14926,0.13580329626155702,0,,0,False,20.972875885047895,,
mdb-381,Greater Lynchburg Transit Co.,US,408,13464,152,32.0,1.0,0.01478015448603684,0.13775951557093424,declared,0.8838667820069204,1.0,0.024467824810374357,distance,11100,0.8033333333333333,0,,0,False,0.0,,
mdb-382,Harrisonburg Department of Public Transportation (HDPT),US,724,13203,29,60.0,30.0,0.49572066954480043,0.7512026997917713,declared,0.6492424786386156,0.938792221084954,0.6498562264985622,stopcount,3166,1.0,299,1.0,0,False,0.0,,
mdb-387,Terre Haute Transit Utility,US,139,316,11,300.0,60.0,1.0,1.0,declared,0.9601328903654485,1.0,1.0,distance,0,,0,,0,False,0.0,,
mdb-389,Chicago Transit Authority (CTA),US,18803,1135084,667,44.0,1.0,0.011412371243009327,0.03881662589144344,not_declared,,,,,0,,0,,1,True,8.3205433537465,1.5084731429592686,True
mdb-391,CityBus of Greater Lafayette Indiana (CityBus),US,815,18944,126,41.0,1.0,0.01879222972972973,0.1914064476947214,declared,0.8270661470722203,1.0,0.0223350875045894,distance,15977,0.7413782312073606,0,,0,False,0.3011077542799597,,
mdb-393,Janesville Transit System,US,150,5636,121,45.0,1.0,0.00958126330731015,0.21102661596958175,declared,0.8055651572761839,1.0,0.020596438532503755,distance,4565,0.9798466593647317,0,,0,False,0.5633802816901409,,
mdb-394,Metro Transit - City of Madison,US,1475,61445,294,53.0,1.0,0.022361461469606967,0.18963763509218054,declared,0.8285918626827717,1.0,0.02200057542917426,distance,50988,0.12526476818074841,0,,0,False,6.359010407581837,,
mdb-396,Waukesha Metro Transit,US,416,12128,125,42.0,1.0,0.02259234828496042,0.15019132653061223,declared,0.8620057397959183,1.0,0.014149634698973458,distance,9939,0.9910453767984707,0,,0,False,0.8632392473118279,,
mdb-397,GO Transit,US,372,25,1,120.0,,1.0,1.0,declared,0.7852418050859915,1.0,,distance,0,,0,,0,False,0.0,,
mdb-399,Shoreline Metro,US,224,1805,9,60.0,60.0,1.0,1.0,not_declared,,,,,0,,0,,0,False,0.0,,
mdb-400,The Rapid,US,1734,59847,268,44.0,1.0,0.05118051030126823,0.23745960604731978,declared,0.7742972670141764,1.0,0.01518392684870601,distance,46958,0.5053026108437327,0,,0,False,6.302189716242122,,
mdb-402,Capital Area Transportation Authority (CATA),US,1275,44126,245,41.0,1.0,0.011421837465439877,0.14669453305466945,declared,0.8640633593664063,0.998543453633274,0.012679498930644668,distance,27013,0.2602080479769,6,0.0,0,False,2.9559319226872423,,
mdb-403,Greater Dayton Regional Transit Authority (Greater Dayton RTA),US,1083,72909,259,33.0,1.0,0.011768094473933259,0.1416369337225646,declared,0.8735133527948967,1.0,0.017344081196911793,distance,63512,0.14639753117521098,0,,0,False,1.9186413902053712,,
mdb-404,Central Ohio Transit Authority (COTA),US,2331,154109,310,49.0,1.0,0.03179567708569908,0.20706292857188505,declared,0.8064149182957457,1.0,0.016713290592533302,distance,113811,0.48488283206368454,0,,0,False,6.713039852955497,,
mdb-406,Greater Cleveland Regional Transit Authority,US,3799,160317,20,60.0,60.0,1.0,1.0,declared,0.9070755559698305,1.0,1.0,distance,0,,0,,1,True,3.726964070826887,0.0,True
mdb-407,Mountain Line Transit Authority,US,98,706,27,180.0,60.0,1.0,1.0,not_declared,,,,,0,,0,,0,False,,,
mdb-408,Allegany County Transit,US,66,78,13,180.0,60.0,1.0,1.0,not_declared,,,,,0,,0,,0,False,,,
mdb-409,Port Authority of Allegheny County,US,5266,299383,526,37.0,1.0,0.009138795455987815,0.13501111114758296,declared,0.8787916585972709,0.9972106374911986,0.01609125850225793,distance,263415,0.113995026858759,0,,1,True,6.914868743063473,5.357814591700134,True
mdb-41,Pasadena Transit,US,417,15922,172,52.0,1.0,0.02003517146087175,0.1601689209865965,declared,0.8398310790134035,1.0,0.0,stopcount,13722,0.033085556041393384,0,,0,False,6.396586549311667,,
mdb-410,Laketran,US,363,19268,209,36.0,1.0,0.022731990865684035,0.16631857775966583,declared,0.8541082980999439,1.0,0.023916025526331486,distance,16366,0.9976170108762068,0,,0,False,0.0,,
mdb-412,Erie Metropolitan Transit Authority,US,569,1470,104,60.0,1.0,0.19319727891156463,0.7672240802675585,declared,0.8751683684553552,1.0,0.3523573200992556,distance,800,0.1925,0,,0,False,109.0909090909091,,
mdb-413,Michigan Flyer,US,56,159,11,2100.0,300.0,1.0,1.0,not_declared,,,,,0,,0,,0,False,,,
mdb-414,Suburban Mobility Authority for Regional Transit (SMART),US,1741,124171,401,35.0,1.0,0.00975267977224956,0.12932047779401487,declared,0.8855629328419848,0.9984731764869179,0.01700402679748527,distance,109607,0.16258085706204894,22,0.0,0,False,7.140711013588944,,
mdb-415,Ann Arbor Area Transportation Authority (TheRide),US,2093,52175,239,51.0,1.0,0.022252036415908002,0.19105181690867545,not_declared,,,,,0,,0,,0,False,3.888203463203463,,
mdb-418,Greater Attleboro Taunton Regional Transit Authority (GATRA),US,563,4430,232,180.0,1.0,0.5033860045146726,0.7123973562988184,declared,0.29280993390747045,0.9909374114981592,0.03967168262653899,distance,1404,1.0,26,0.0,0,False,0.0,,
mdb-420,Martha's Vineyard Transit Authority,US,454,1969,12,240.0,60.0,1.0,1.0,declared,0.39951080309824705,1.0,1.0,distance,0,,0,,0,False,0.0,,
mdb-421,Southeastern Regional Transit Authority (SRTA),US,1017,27355,204,34.0,1.0,0.012392615609577773,0.14704638375863527,declared,0.8651134921753841,1.0,0.014055815848441637,distance,24200,0.13541322314049586,0,,0,False,3.3944120505344992,,
mdb-422,Brockton Area Transit Authority (BAT),US,779,29085,181,36.0,1.0,0.006051229155922297,0.07932627913206536,declared,0.9458880257165818,0.9808168316831684,0.027754177286887567,distance,27464,0.555308767841538,0,,0,False,0.5928853754940712,,
mdb-426,Nantucket Regional Transit Authority (WAVE),US,105,2138,4,60.0,60.0,1.0,1.0,declared,0.9206649036645259,1.0,1.0,distance,0,,0,,0,False,0.0,,
mdb-429,Franklin Regional Transit Authority (FRTA),US,120,2424,215,85.0,1.0,0.10148514851485149,0.43553459119496857,declared,0.5801886792452831,1.0,0.02710027100271003,distance,1422,0.9943741209563994,0,,0,False,,,
mdb-43,San Luis Obispo Regional Transit Authority (SLORTA),US,206,4840,241,80.0,1.0,0.03636363636363636,0.24455013872374157,declared,0.7554498612762585,1.0,0.0,stopcount,3812,0.02911857292759706,0,,0,False,,,
mdb-432,Worcester Regional Transit Authority (WRTA),US,1094,37720,264,31.0,1.0,0.022401908801696714,0.1555108981295409,declared,0.8568557736899057,1.0,0.014432617716038246,distance,32778,0.9440783452315578,0,,0,False,4.309288824383165,,
mdb-433,Montachusett Regional Transit Authority (MART),US,511,3379,24,180.0,60.0,0.9982243267238828,0.9992720213540403,declared,0.4003859141341052,0.998793242156074,1.0,distance,0,,3,0.0,0,False,7.085106382978723,,
mdb-439,MetroWest Regional Transit Authority (MWRTA),US,562,3661,108,300.0,60.0,0.9265228079759629,0.9666114136869524,declared,0.0333885863130476,1.0,0.0,distance,141,1.0,0,,0,False,34.78181818181818,,
mdb-44,City of San Luis Obispo Transit,US,92,2312,151,77.0,1.0,0.03373702422145329,0.23668885191347755,declared,0.7874376039933444,1.0,0.0306391970417327,distance,1833,0.447354064375341,0,,0,False,10.526315789473685,,
mdb-440,128 Business Council,US,74,567,39,120.0,60.0,1.0,1.0,not_declared,,,,,0,,0,,0,False,,,
mdb-441,Massport,US,1648,13688,76,104.0,1.0,0.012200467562828755,0.2214397496087637,declared,0.7899713093375065,0.9944116733933561,0.015930664465538587,distance,11922,0.659536990437846,0,,0,False,0.0,,
mdb-444,Lowell Regional Transit Authority (LRTA),US,584,15875,166,41.0,1.0,0.05007874015748032,0.2830853325235348,declared,0.7224415426662618,1.0,0.007650273224043716,distance,11804,0.991867163673331,0,,0,False,0.4878048780487805,,
mdb-445,Merrimack Valley Regional Transit Authority (MVRTA),US,1152,25602,233,52.0,1.0,0.04085618311069448,0.24104806757867983,declared,0.7734170591313448,1.0,0.018702880340228108,distance,20254,0.9593660511503901,0,,0,False,0.09538461538461539,,
mdb-447,Cape Ann Transportation Authority (CATA),US,95,696,10,180.0,60.0,1.0,1.0,declared,0.14243614931237722,1.0,1.0,distance,0,,0,,0,False,,,
mdb-456,Durango Transit,US,168,2368,5,60.0,60.0,1.0,1.0,declared,0.16319018404907976,1.0,1.0,stopcount,0,,0,,0,False,0.0,,
mdb-457,Dutchess County,US,631,11761,23,60.0,60.0,0.9283224215627923,0.8854099418979987,declared,0.8182698515171078,0.9542628774422736,0.8701183431952663,distance,1037,0.0,60,0.0,0,False,0.6135265700483091,,
mdb-46,Golden Empire Transit District (GET),US,849,30793,317,77.0,1.0,0.020394245445393432,0.1539093609759181,declared,0.8460906390240819,1.0,0.0,stopcount,26772,0.021851187808157778,0,,0,False,0.28982742960944596,,
mdb-461,Farmville Area Bus,US,103,1077,14,120.0,60.0,1.0,1.0,declared,0.7621696801112656,1.0,1.0,distance,0,,0,,0,False,0.0,,
mdb-464,Detroit Department of Transportation (DDOT),US,2541,197206,205,34.0,1.0,0.008316176992586433,0.12853259373106982,declared,0.8877930582186466,1.0,0.01838902861267439,distance,174073,0.300936963228071,0,,0,False,1.8824508238192057,,
mdb-466,Maryland Transit Administration,US,5822,290744,459,47.0,1.0,0.016096634840271854,0.14332271708541866,declared,0.8698380600913335,0.9993526837730768,0.015227010314071617,distance,221814,0.1700253365432299,10,0.0,0,False,8.17402291525233,,
mdb-47,Kern Transit,US,104,412,22,420.0,60.0,1.0,1.0,declared,0.49471210340775557,1.0,1.0,distance,0,,0,,0,False,,,
mdb-472,Tar River Transit,US,125,3767,139,49.0,1.0,0.022033448367401114,0.1801130524152107,not_declared,,,,,0,,0,,0,False,,,
mdb-473,Hampton Roads Transit (HRT),US,2438,67410,36,60.0,60.0,1.0,1.0,declared,0.8506817147101814,1.0,1.0,stopcount,0,,0,,1,True,9.867368357922514,0.0,True
mdb-475,Delmarva Community Transit,US,134,954,26,120.0,60.0,0.9842767295597484,0.9849081364829396,not_declared,,,,,0,,0,,0,False,,,
mdb-477,Prince George's County (The Bus),US,1128,34191,18,60.0,60.0,1.0,1.0,declared,0.8861174600019874,1.0,1.0,distance,0,,0,,0,False,4.29176505312869,,
mdb-479,Charles County VanGo,US,201,5364,19,60.0,30.0,0.8419090231170768,0.9236243707689638,not_declared,,,,,0,,0,,0,False,0.0,,
mdb-48,Porterville Transit,US,133,2996,7,60.0,1.0,0.985981308411215,0.9936305732484076,declared,0.8980891719745223,1.0,0.9929078014184397,distance,0,,0,,0,False,0.0,,
mdb-480,Calvert County Public Transportation,US,83,773,17,180.0,60.0,1.0,1.0,not_declared,,,,,0,,0,,0,False,,,
mdb-482,Alexandria Transit Company (DASH),US,1075,38529,206,51.0,1.0,0.01770095252926367,0.16783658216341785,declared,0.8411524088475911,1.0,0.010686518776453637,distance,32957,0.09418332979336712,0,,0,False,6.977910511879978,,
mdb-483,Fairfax Connector,US,3816,113743,446,47.0,1.0,0.027412675944893314,0.17909394032186723,declared,0.8383348644142765,1.0,0.02078978875383023,distance,96509,0.11797863411702536,0,,0,False,7.11625456928064,,
mdb-485,Arlington Transit,US,1145,30919,203,51.0,1.0,0.022381060189527475,0.18678268463073852,declared,0.8347367764471058,1.0,0.02577993648421446,distance,26075,0.07651006711409396,0,,0,False,8.07041688354005,,
mdb-486,DC Circulator,US,1091,14620,212,129.0,1.0,0.03310533515731874,0.3452994717077207,declared,0.6736044809369232,1.0,0.02806387602759142,distance,10286,0.040637760062220495,0,,0,False,22.27937771687772,,
mdb-488,Montgomery County Department of Transportation (Ride On),US,4712,180071,430,38.0,1.0,0.02109168050380128,0.17428138043805672,declared,0.8449373897327768,1.0,0.022745792060298947,distance,153499,0.33681001179160774,0,,0,False,6.96877751037375,,
mdb-489,Regional Transportation Agency of Central Maryland (RTA),US,431,13047,194,46.0,1.0,0.03127155667969648,0.17109363407033684,declared,0.881510609882772,1.0,0.059675111522599106,distance,11172,0.6220909416398138,0,,0,False,0.0,,
mdb-493,Charm City Circulator,US,262,7392,4,95.0,5.0,0.0,0.22994512673112097,not_declared,,,,,0,,0,,0,False,0.0,,
mdb-495,Ocean City Transportation,US,390,16665,47,55.0,1.0,0.0032403240324032404,0.10569675723049957,not_declared,,,,,0,,0,,0,False,0.0,,
mdb-496,Peter Pan,US,215,296,14,900.0,300.0,1.0,1.0,declared,0.46879535558780844,1.0,1.0,distance,0,,0,,0,False,,,
mdb-500,Carroll Transit System,US,50,562,13,180.0,60.0,1.0,1.0,declared,0.27035330261136714,1.0,1.0,stopcount,0,,0,,0,False,,,
mdb-501,Harford Transit LINK,US,116,3235,17,120.0,60.0,1.0,1.0,declared,0.04445679355376494,1.0,1.0,stopcount,0,,0,,0,False,,,
mdb-502,Southeastern Pennsylvania Transportation Authority (SEPTA),US,12089,780702,528,35.0,1.0,0.009371053231578759,0.11436305407099727,declared,0.9006446844124113,0.9997587852935202,0.016689938559402148,distance,553853,0.24385351347740286,10,0.0,2,True,5.203620619691669,5.103902368691288,True
mdb-508,New Jersey Transit (NJ Transit),US,15942,793130,1140,46.0,1.0,0.021049512690227326,0.16552592524858853,not_declared,,,,,0,,0,,0,False,8.838700381628037,,
mdb-51,Mission Bay Transportation Management Association (TMA),US,104,682,17,180.0,60.0,1.0,1.0,not_declared,,,,,0,,0,,0,False,44.267857142857146,,
mdb-512,Metropolitan Transit Authority (MTA),US,13092,515321,464,71.0,1.0,0.023288396940935843,0.18181938594399852,declared,0.8322434274512476,1.0,0.016897476064561455,stopcount,432397,0.045069692897961824,0,,0,False,12.216419620637069,,
mdb-515,NYC Ferry,US,52,351,5,180.0,60.0,1.0,1.0,not_declared,,,,,0,,0,,0,False,0.0,,
mdb-519,Downtown Alliance,US,76,946,10,65.0,10.0,0.1638477801268499,0.43876651982378856,declared,0.14274924471299094,0.43876651982378856,,distance,0,,600,0.12333333333333334,0,False,,,
mdb-521,Nassau Inter-County Express (NICE Bus),US,2367,76773,22,60.0,60.0,1.0,1.0,declared,0.8782531642800101,1.0,1.0,distance,0,,0,,0,False,17.82331329325317,,
mdb-523,Monroe County Transportation Authority (MCTA),US,97,2802,170,57.5,1.0,0.04461099214846538,0.2749223870300104,declared,0.7378406347016212,1.0,0.01729780271154745,distance,2102,0.3644148430066603,0,,0,False,,,
mdb-526,Ulster County Area Transit,US,141,1303,91,240.0,60.0,0.8825786646201075,0.9371980676328503,declared,0.06556245686680469,1.0,0.042105263157894736,stopcount,91,0.0,0,,0,False,,,
mdb-530,Greater Bridgeport Transit,US,808,37869,216,38.0,1.0,0.006997808233647575,0.13246538541020872,declared,0.9602965488737343,0.9993493819128172,0.09662407531943511,distance,14814,0.5538004590252464,1,0.0,0,False,5.368699839486356,,
mdb-531,Access Allegany,US,84,751,20,180.0,60.0,1.0,1.0,declared,0.9900990099009901,1.0,1.0,distance,0,,0,,0,False,,,
mdb-533,Rochester-Genesee Regional Transportation Authority (RGRTA),US,2200,72937,350,41.0,1.0,0.013820146153529759,0.17269402141384585,declared,0.8398350734854027,1.0,0.014918518283895286,distance,49234,0.3696835520168989,0,,0,False,2.590477081217822,,
mdb-534,Centro,US,3313,89683,357,30.0,1.0,0.04266137395046999,0.1963855680743098,declared,0.8149780682893266,1.0,0.0139434873229032,distance,58066,0.32196121654668824,0,,0,False,0.790292049799349,,
mdb-535,Tompkins Consolidated Area Transit Inc,US,704,12422,224,62.0,1.0,0.04797939140235067,0.2615419777540759,declared,0.7661130580527198,1.0,0.03609785202863962,distance,9693,0.9979366553182709,0,,0,False,4.51163723916533,,
mdb-537,Berkshire Regional Transit Authority (BRTA),US,289,1989,93,281.0,1.0,0.5223730517848165,0.7401229148375769,declared,0.27436347673397715,0.9981851179673321,0.0576,distance,589,1.0,3,1.0,0,False,,,
mdb-538,Capital District Transportation Authority (CDTA),US,2634,67367,29,60.0,60.0,1.0,1.0,declared,0.7379643710623507,1.0,1.0,stopcount,0,,0,,0,False,9.115875365690316,,
mdb-539,Green Mountain Community Network (GMCN),US,92,762,114,122.0,1.0,0.09580052493438321,0.4405594405594406,declared,0.7657342657342657,1.0,0.2694063926940639,distance,185,0.9891891891891892,0,,0,False,5.90625,,
mdb-543,Addison County Transit (ACTR),US,135,98,13,300.0,60.0,1.0,1.0,not_declared,,,,,0,,0,,0,False,,,
mdb-544,Clinton County Public Transit (CCPT),US,60,550,25,360.0,60.0,1.0,1.0,declared,0.04529616724738676,1.0,1.0,distance,0,,0,,0,False,,,
mdb-551,Middletown Area Transit (MAT),US,287,9416,188,38.0,1.0,0.025169923534409517,0.17242090075234465,declared,0.8369576419664021,1.0,0.011205516561999754,distance,7939,0.992316412646429,0,,0,False,0.0,,
mdb-553,Connecticut Transit,US,7672,281093,405,33.0,1.0,0.03764234612743825,0.18000546960733066,declared,0.8322526820115692,0.9998349051736591,0.014762158294927042,distance,195920,0.2991067782768477,5,0.0,0,False,4.129443262051957,,
mdb-559,Iowa City Transit System,US,336,8266,9,60.0,60.0,1.0,1.0,declared,0.7446257446257446,1.0,1.0,distance,0,,0,,0,False,0.9574468085106383,,
mdb-56,Monterey-Salinas Transit (MST),US,1194,19903,26,60.0,60.0,1.0,1.0,declared,0.8283558505175002,1.0,1.0,stopcount,0,,0,,0,False,10.691211401425178,,
mdb-569,Citibus,US,327,2440,24,180.0,60.0,0.7401639344262295,0.8854354897000362,declared,0.11456451029996385,1.0,0.0,distance,317,0.7854889589905363,0,,0,False,0.0,,
mdb-570,Lynwood Trolley / Breeze,US,75,1651,7,60.0,60.0,1.0,1.0,not_declared,,,,,0,,0,,0,False,7.840909090909091,,
mdb-571,Interurban Trolley,US,191,5460,5,60.0,60.0,1.0,1.0,declared,0.005034013605442177,1.0,,stopcount,0,,0,,0,False,0.0,,
mdb-579,Morongo Basin Transit Authority,US,89,2493,173,64.0,1.0,0.04372242278379462,0.24360960495739736,declared,0.7718822618125484,1.0,0.02007024586051179,distance,1953,0.9718381976446493,0,,0,False,,,
mdb-59,Stanford Marguerite Shuttle (SMS),US,278,2887,116,60.0,1.0,0.26671285071007966,0.5560821484992101,declared,0.5358609794628751,1.0,0.1715801886792453,distance,1405,0.5096085409252669,0,,0,False,1.8257575757575757,,
mdb-591,Petersburg Area Transit,US,108,2201,118,48.0,1.0,0.05315765561108587,0.2910737386804657,declared,0.7399741267787839,1.0,0.04195804195804196,distance,1644,0.9927007299270073,0,,0,False,,,
mdb-593,Flixbus,US,54,155,12,1200.0,300.0,1.0,1.0,not_declared,,,,,0,,0,,0,False,,,
mdb-599,City Coach,US,161,3431,108,51.0,1.0,0.061206645292917514,0.26280623608017817,declared,0.7435968819599109,1.0,0.008611007113440658,distance,2648,1.0,0,,0,False,0.0,,
mdb-61,Commute.org San Mateo County Shuttles,US,249,2354,30,120.0,60.0,0.8054375531011045,0.9116404149058779,declared,0.07414521705724164,0.916597510373444,0.8497409326424871,distance,29,0.1724137931034483,199,0.0,0,False,15.588235294117647,,
mdb-615,Greensboro Transit Authority (GTA),US,1143,35985,183,44.0,1.0,0.02551062942892872,0.1688965461544674,declared,0.847147818127978,1.0,0.018939273570815724,distance,30460,0.5217990807616546,0,,0,False,0.33964954140860326,,
mdb-619,Turlock Transit,US,260,3215,23,60.0,5.0,0.6242612752721617,0.8048433048433048,declared,0.7226277372262774,0.9807692307692307,0.7359238699444886,distance,666,0.0,19,0.0,0,False,4.838709677419355,,
mdb-623,Go West Shuttle,US,70,137,8,180.0,60.0,1.0,1.0,declared,0.7302672467371037,1.0,1.0,distance,0,,0,,0,False,0.0,,
mdb-624,Rhode Island Public Transit Authority,US,2327,62816,30,60.0,60.0,1.0,1.0,not_declared,,,,,0,,0,,0,False,6.903275284345651,,
mdb-625,Connect Transit,US,174,23,2,120.0,,1.0,1.0,declared,0.961391153941191,1.0,1.0,distance,0,,0,,0,False,,,
mdb-628,Union City Transit,US,312,7841,94,51.0,1.0,0.03252136207116439,0.17051141218113022,declared,0.8435249603319908,1.0,0.016640138908985674,distance,6796,0.9705709240729841,0,,0,False,0.14194260485651214,,
mdb-629,Chittenden County Transportation Authority (CCTA),US,464,14088,215,38.0,1.0,0.022146507666098807,0.16863661352391424,declared,0.8422897196261683,1.0,0.012972179162927307,distance,12098,0.9892544222185485,0,,0,False,5.465158546017015,,
mdb-631,Advance Transit,US,535,6882,192,63.0,1.0,0.026881720430107527,0.2697856276122422,declared,0.7295402453822301,0.9346959122632104,0.02328589909443726,distance,5253,0.8595088520845231,0,,0,False,3.3840579710144922,,
mdb-64,Livermore Amador Valley Transit Authority,US,460,11857,279,66.0,1.0,0.02892805937420933,0.2264350085248031,declared,0.7872046764634245,1.0,0.017326732673267328,distance,7559,0.32795343299378227,0,,0,False,9.803921568627452,,
mdb-646,Tulare County Area Transit (TCAT),US,315,4520,53,120.0,60.0,0.9776548672566372,0.9881359340438367,declared,0.5377035994369596,1.0,0.9779356768885564,distance,59,0.6610169491525424,0,,0,False,1.3356164383561644,,
mdb-648,"Wiener Lokalbahnen (WLB), Wiener Linien",AT,21877,322107,12,60.0,60.0,0.9999937908831538,0.9999972245890311,not_declared,,,,,0,,0,,2,True,4.444770848968014,11.838725096209014,False
mdb-651,TransLink Maryborough-Hervey Bay,AU,88,2953,21,60.0,60.0,1.0,1.0,not_declared,,,,,0,,0,,0,False,0.0,,
mdb-652,TransLink North Stradbroke Island,AU,56,906,9,120.0,60.0,1.0,1.0,not_declared,,,,,0,,0,,0,False,,,
mdb-653,Bus Queensland Toowoomba (Bus Qld Toowoomba),AU,202,6728,9,60.0,60.0,1.0,1.0,not_declared,,,,,0,,0,,0,False,6.906779661016949,,
mdb-655,Youngs Bus Service,AU,139,2439,23,60.0,60.0,1.0,1.0,not_declared,,,,,0,,0,,0,False,17.615384615384617,,
mdb-659,Région Bourgogne-Franche-Comté,FR,463,5773,36,180.0,60.0,1.0,1.0,not_declared,,,,,0,,0,,0,False,3.0,,
mdb-660,Adelaide Metro,AU,8969,367779,620,52.0,1.0,0.0234570217440365,0.14032722137874654,declared,0.8763443999702719,0.9999141391375277,0.019036167203273554,distance,323876,0.11413009917375785,2,0.0,2,True,7.737736628914327,3.621502209131075,True
mdb-665,MetroTas Hobart,AU,1646,49827,579,50.0,1.0,0.02012964858410099,0.16509324009324008,not_declared,,,,,0,,0,,0,False,9.661741293532339,,
mdb-667,Buslink Gladstone,AU,98,1526,11,60.0,60.0,1.0,1.0,not_declared,,,,,0,,0,,0,False,,,
mdb-671,Polleys Coaches,AU,53,709,13,60.0,60.0,1.0,1.0,not_declared,,,,,0,,0,,0,False,,,
mdb-672,Duffy's Buses and Stewarts & Sons Coaches,AU,92,2071,13,60.0,60.0,1.0,1.0,not_declared,,,,,0,,0,,0,False,,,
mdb-674,TransLink Sunbus Cairns,AU,638,15235,14,60.0,60.0,1.0,1.0,not_declared,,,,,0,,0,,0,False,13.285276073619633,,
mdb-676,Whitsunday Transit,AU,101,1880,7,60.0,60.0,1.0,1.0,not_declared,,,,,0,,0,,0,False,2.4864864864864864,,
mdb-677,Sunbus Townsville,AU,544,16647,14,60.0,60.0,1.0,1.0,not_declared,,,,,0,,0,,0,False,6.855271366188397,,
mdb-678,Mackay Transit Coaches,AU,204,2949,16,120.0,60.0,1.0,1.0,not_declared,,,,,0,,0,,0,False,20.0,,
mdb-68,Lake Transit Authority (LTA),US,102,199,15,300.0,60.0,1.0,1.0,declared,0.6926526388409796,1.0,1.0,distance,0,,0,,0,False,,,
mdb-680,"Department of Transport, Public Transport",AU,1081,18115,53,60.0,60.0,1.0,1.0,declared,0.722484312737599,1.0,1.0,distance,0,,0,,0,False,4.892442823997348,,
mdb-681,MetroTas Burnie,AU,344,5682,233,54.0,1.0,0.06529391059486096,0.31570220527275744,not_declared,,,,,0,,0,,0,False,2.8771929824561404,,
mdb-682,MetroTas Launceston,AU,678,15590,309,47.0,1.0,0.03361128928800513,0.24145981813713444,not_declared,,,,,0,,0,,0,False,4.561805555555555,,
mdb-684,De Lijn,BE,30554,819716,29,60.0,60.0,1.0,1.0,not_declared,,,,,0,,0,,1,True,9.61826801847004,4.358755711020755,True
mdb-686,Société nationale des chemins de fer belges (NMBS-SNCB),NL,344,1064,27,660.0,60.0,1.0,1.0,not_declared,,,,,0,,0,,0,False,,,
mdb-689,Whitehorse Transit,CA,263,4261,8,120.0,60.0,1.0,1.0,not_declared,,,,,0,,0,,0,False,0.0,,
mdb-69,Mendocino Transit Authority,US,109,1573,117,139.0,1.0,0.7425301970756516,0.8761160714285714,declared,0.13113839285714285,0.9820166987797045,0.17446808510638298,distance,191,0.900523560209424,28,0.17857142857142858,0,False,,,
mdb-696,TransLink Vancouver,CA,23891,683476,911,58.0,1.0,0.020353311601285194,0.12349317963659599,declared,0.8915626541809273,0.9999087412815332,0.016898116582258007,distance,309923,0.22960864472788403,4,0.0,1,True,12.25972006880222,10.645166259806821,True
mdb-699,BC Transit (Chilliwack),CA,292,5754,14,60.0,60.0,1.0,1.0,declared,0.811986531986532,1.0,1.0,stopcount,0,,0,,0,False,3.159128228093745,,
mdb-7,Empresa Publica de Transportes e Circulação (EPTC),BR,12565,38,2,2400.0,,1.0,1.0,not_declared,,,,,0,,0,,0,False,0.0,,
mdb-70,Sonoma County Transit (SCT),US,292,11601,250,54.0,1.0,0.048357900181018876,0.2744471537879425,declared,0.7353905658790886,0.998093422306959,0.014063571918591356,distance,8611,0.9103472302868424,6,1.0,0,False,,,
mdb-708,Prince George Transit,CA,503,9939,20,60.0,60.0,1.0,1.0,declared,0.8380064488994813,1.0,1.0,stopcount,0,,0,,0,False,0.10752688172043011,,
mdb-711,Roam Transit,CA,258,2362,9,120.0,60.0,1.0,1.0,declared,0.7958015267175572,1.0,1.0,distance,0,,0,,0,False,0.0,,
mdb-712,Calgary Transit,CA,10077,276290,22,60.0,60.0,1.0,1.0,declared,0.8727045985970382,1.0,1.0,distance,0,,0,,1,True,5.189600212300916,2.331818181818181,True
mdb-714,Edmonton Transit System,CA,11222,275235,36,60.0,60.0,1.0,1.0,declared,0.8910455541047133,1.0,1.0,stopcount,0,,0,,1,True,9.679579170459185,0.0,True
mdb-715,City of Regina,CA,1282,46785,14,60.0,60.0,1.0,1.0,declared,0.8885783407714616,1.0,1.0,distance,0,,0,,0,False,1.9942600492491243,,
mdb-716,Saskatoon Transit,CA,2757,57718,237,47.0,1.0,0.01651131362833085,0.21928069450186027,declared,0.7916163704009922,1.0,0.0137655881185637,distance,32561,0.48582660237707687,0,,0,False,1.8522145938765338,,
mdb-717,Winnipeg Transit,CA,5950,240909,284,57.0,1.0,0.025935104126454386,0.19291984493172215,not_declared,,,,,0,,0,,0,False,4.765899324799489,,
mdb-718,Cornwall Transit,CA,239,9249,107,30.0,1.0,0.016974808087360797,0.0582780061123406,declared,0.8397091368953525,0.21104536489151873,0.029116465863453816,distance,7736,0.033221302998965876,962,0.009355509355509356,0,False,0.0,,
mdb-719,Muncie Indiana Transit System (MITS),US,399,32054,73,10.0,1.0,0.019997504211642852,0.21973259566620562,not_declared,,,,,0,,0,,0,False,0.34361329833770776,,
mdb-720,Transit Windsor,CA,1213,47109,16,60.0,60.0,1.0,1.0,not_declared,,,,,0,,0,,0,False,0.07511086474501108,,
mdb-721,Grand River Transit,CA,4337,103321,12,60.0,60.0,1.0,1.0,not_declared,,,,,0,,0,,1,True,7.000206611570248,0.0,True
mdb-724,Burlington Transit,CA,1118,30407,6,60.0,60.0,1.0,1.0,declared,0.8292357696474706,1.0,1.0,distance,0,,0,,0,False,6.993811743811744,,
mdb-725,Oakville Transit,CA,1378,41587,219,48.0,1.0,0.017192872772741483,0.23693704177819155,not_declared,,,,,0,,0,,0,False,4.925299564270153,,
mdb-726,Durham Region Transit,CA,2484,94752,317,51.0,1.0,0.017624957784532252,0.18580257704924777,declared,0.8212519153049577,0.9788862041192038,0.013185409649265598,stopcount,78808,0.03769921835346665,367,0.0,0,False,5.550916380840097,,
mdb-728,York Region Transit,CA,4705,185513,431,51.0,1.0,0.029361823699686814,0.19528646079761117,declared,0.8200328044664543,0.9997663073642392,0.018732570439465333,distance,123838,0.40028908735606195,6,0.16666666666666666,0,False,9.127467635732534,,
mdb-730,MiWay,CA,8043,246158,34,60.0,60.0,1.0,1.0,declared,0.8248520940118325,1.0,1.0,stopcount,0,,0,,0,False,8.785531457313358,,
mdb-732,Toronto Transit Commission (TTC),CA,31661,966077,473,53.0,1.0,0.016416910867353224,0.08484652898741002,not_declared,,,,,0,,0,,2,True,10.746281056945039,11.850796559039182,False
mdb-733,Kingston Transit,CA,1504,30048,8,60.0,60.0,1.0,1.0,declared,0.8600042959939856,1.0,1.0,distance,0,,0,,0,False,8.557738170708882,,
mdb-734,Halifax Transit,CA,3980,140885,464,45.0,1.0,0.01877417752067289,0.15205142175355352,declared,0.8642454671475962,1.0,0.018856782616328713,distance,88626,0.2922392977230158,0,,0,False,9.516786217723718,,
mdb-736,Thunder Bay Transit,CA,1093,17091,8,60.0,60.0,1.0,1.0,declared,0.8373184124556892,1.0,1.0,distance,0,,0,,0,False,1.2903225806451613,,
mdb-737,Greater Sudbury Transit,CA,1213,23460,6,60.0,60.0,1.0,1.0,declared,0.8490372474747475,1.0,1.0,distance,0,,0,,0,False,1.950503355704698,,
mdb-740,Société de transport de l'Outaouais,CA,2531,73927,20,60.0,60.0,1.0,1.0,declared,0.7608642328604718,1.0,1.0,stopcount,0,,0,,0,False,6.940519382668143,,
mdb-741,Exo Sorel-Varennes,CA,259,7949,315,42.0,1.0,0.04918857717951944,0.2387914230019493,declared,0.7709551656920078,1.0,0.012642225031605562,distance,6248,1.0,0,,0,False,15.796428571428569,,
mdb-742,Exo Sud-ouest,CA,342,15675,271,44.0,1.0,0.0379585326953748,0.23855903102953113,declared,0.7772366860211026,1.0,0.020322917503413928,distance,12196,0.9494916366021646,0,,0,False,6.333333333333334,,
mdb-743,Exo La Presqu'île,CA,502,11748,193,41.0,1.0,0.0449438202247191,0.2522448979591837,declared,0.7577959183673469,1.0,0.013250026930949047,distance,9160,1.0,0,,0,False,4.55625,,
mdb-744,Exo Laurentides,CA,1086,58061,312,40.0,1.0,0.014519212552315667,0.16597917230186637,declared,0.8437922639978361,1.0,0.011580381471389645,distance,49334,0.9685206956662747,0,,0,False,6.329097607202085,,
mdb-745,Exo Haut-Saint-Laurent,CA,66,2730,130,35.0,1.0,0.0663003663003663,0.24070100143061515,declared,0.7600143061516452,1.0,0.0009411764705882353,distance,2123,0.90390956194065,0,,0,False,9.027777777777779,,
mdb-75,El Dorado Transit,US,117,1115,17,120.0,60.0,1.0,1.0,not_declared,,,,,0,,0,,0,False,,,
mdb-750,Exo Chambly-Richelieu-Carignan,CA,374,7476,229,46.0,1.0,0.05952380952380952,0.27961783439490445,declared,0.7298089171974522,1.0,0.012916739396055157,distance,5655,0.9998231653404067,0,,0,False,8.695652173913043,,
mdb-751,Réseau de transport de Longueuil,CA,4332,158454,488,39.0,1.0,0.02297827760738132,0.18439546398338924,declared,0.8274851645718919,1.0,0.014357512453323238,distance,132765,0.9487741498135804,0,,0,False,6.414100876288969,,
mdb-752,Exo Vallée du Richelieu,CA,277,10018,224,48.0,1.0,0.043022559393092435,0.29150072850898495,declared,0.7130645944633317,1.0,0.006402397493529492,distance,7294,0.9993145050726625,0,,0,False,10.032127039627039,,
mdb-753,Exo Ville de Sainte-Julie,CA,276,4757,132,44.0,1.0,0.02964052974563801,0.21974965229485396,declared,0.7911782237234254,1.0,0.013812154696132596,distance,3927,1.0,0,,0,False,8.094484126984126,,
mdb-754,Terrebonne-Mascouche,CA,726,25190,306,37.0,1.0,0.03695911075823739,0.22925023141005862,declared,0.7821274298056156,1.0,0.01454706839587751,distance,19984,0.9660728582866293,0,,0,False,9.374622504591347,,
mdb-755,Exo L'Assomption,CA,385,19363,241,39.0,1.0,0.014408924236946754,0.18411991087705085,declared,0.8275774762001216,1.0,0.014134491831365111,distance,16112,0.9578574975173784,0,,0,False,2.998952380952381,,
mdb-757,Réseau de transport de la Capitale,CA,4347,182521,407,44.0,1.0,0.020041529467842056,0.19054626795384977,not_declared,,,,,0,,0,,0,False,6.228594331555767,,
mdb-758,Metrobus Transit,CA,761,25481,224,51.0,1.0,0.013539500019622465,0.1457206005639814,declared,0.8670833015776237,1.0,0.014766634437901029,distance,15563,0.29711495213005207,0,,0,False,1.7008333333333332,,
mdb-759,Milton Transit,CA,502,11484,8,60.0,60.0,1.0,1.0,declared,0.8165178571428572,1.0,1.0,distance,0,,0,,0,False,6.5121107266435985,,
mdb-76,Fairfield and Suisun Transit (FAST Transit),US,178,55,2,300.0,,1.0,1.0,declared,0.6680206794682423,1.0,,distance,0,,0,,0,False,0.0,,
mdb-761,Port Alberni,CA,60,1911,3,60.0,60.0,1.0,1.0,declared,0.8599382080329557,1.0,1.0,distance,0,,0,,0,False,0.0,,
mdb-763,Société de transport de Lévis,CA,809,39244,318,35.0,1.0,0.020257873815105493,0.18111002921129504,declared,0.8348937657603676,1.0,0.01916866028708134,stopcount,32799,0.056739534741912866,0,,0,False,6.08318511580262,,
mdb-767,Prazska integrovana doprava (PID),CZ,33738,576162,45,60.0,60.0,1.0,1.0,not_declared,,,,,0,,0,,3,True,0.9462817008959242,1.3461538461538463,False
mdb-769,bodo Verkehrsverbund,HR,6594,114467,42,60.0,60.0,0.9978072282841343,0.9980210794902649,not_declared,,,,,0,,0,,2,True,0.957922197525222,1.4583333333333333,False
mdb-77,Placer County Transit,US,106,649,16,180.0,60.0,1.0,1.0,declared,0.5864106351550961,1.0,1.0,distance,0,,0,,0,False,,,
mdb-770,BBS Schapfl,AT,7198,111990,33,60.0,60.0,0.9999821412626128,0.9997396880990131,not_declared,,,,,0,,0,,2,True,2.3346320346320346,13.157894736842104,False
mdb-771,naldo Verkehrsverbund,CZ,10873,159518,82,66.0,6.0,0.845866924108878,0.8695003728560775,not_declared,,,,,0,,0,,2,True,1.4863977910555857,5.795,False
mdb-772,"OVA-Aalen, OVA-Bopfingen, Beck+Schubert",DE,4550,61604,30,60.0,60.0,0.9999675345756769,0.9996628171626064,not_declared,,,,,0,,0,,1,True,8.657794624301802,8.181818181818182,True
mdb-774,Schweizer Reisen,DE,1635,23380,29,120.0,60.0,1.0,0.9992514085339427,not_declared,,,,,0,,0,,2,True,7.12797619047619,14.074074074074074,False
mdb-776,SWU Verkehr GmbH (SWU),DE,1180,26378,8,60.0,60.0,1.0,1.0,not_declared,,,,,0,,0,,1,True,0.7878391631252043,0.0,True
mdb-777,Rhein-Neckar-Verkehr,DE,4942,81246,20,60.0,60.0,0.9446741993451986,0.9519190606580963,not_declared,,,,,0,,0,,1,True,0.25514089870525514,0.0,True
mdb-779,Münchner Verkehrs- und Tarifverbund GmbH (MVV),AT,22912,365978,33,60.0,60.0,0.9973604970790594,0.9983825496941896,not_declared,,,,,0,,0,,0,False,0.36308717409936686,,
mdb-78,WestCAT,US,350,346,15,180.0,300.0,1.0,1.0,declared,0.6694108151735271,1.0,1.0,distance,0,,0,,0,False,0.0,,
mdb-781,Leipziger Verkehrsbetriebe (LVB),DE,13915,208919,32,120.0,60.0,1.0,1.0,not_declared,,,,,0,,0,,1,True,0.25875731318966155,0.02367797947908445,True
mdb-783,Stadtwerke Heilbronn (SWHN),AT,6129,93788,43,60.0,60.0,0.9991470124109694,0.9996118878744069,not_declared,,,,,0,,0,,1,True,1.7897930760047749,3.062176165803109,False
mdb-787,Transportes interurbanos de Tenerife (TITSA),ES,6212,167075,867,64.0,1.0,0.026359419422415084,0.05648720211827008,not_declared,,,,,0,,0,,0,False,11.870008494317952,,
mdb-79,Yuba-Sutter Transit,US,217,157,12,300.0,60.0,1.0,1.0,not_declared,,,,,0,,0,,0,False,0.0,,
mdb-791,Consorcio Regional de Transportes de Madrid CRTM Intercity Buses (Madrid Intercity Buses),ES,30732,715248,1564,62.0,1.0,0.026070677583159965,0.11210090009071493,not_declared,,,,,0,,0,,0,False,5.540042107922241,,
mdb-793,Empresa Municipal de Transportes de Madrid (EMT Madrid),ES,26902,654921,875,80.0,1.0,0.019504642544673326,0.05494534505289496,not_declared,,,,,0,,0,,0,False,4.406539781139378,,
mdb-795,Empresa Municipal de Transportes de Valencia (EMT Valencia),ES,6995,168652,317,85.0,1.0,0.015866992386689753,0.06735668699152277,not_declared,,,,,0,,0,,0,False,4.760578560327771,,
mdb-797,TUVISA (Transportes Urbanos de Vitoria),ES,1981,33300,177,85.0,1.0,0.04048048048048048,0.13902308105206657,not_declared,,,,,0,,0,,0,False,1.8188154525213351,,
mdb-798,Clemson Area Transit (CAT),US,103,2169,9,60.0,60.0,0.9686491470723836,0.9862348178137652,not_declared,,,,,0,,0,,0,False,0.0,,
mdb-8,São Paulo Transporte (SPTrans),BR,2239,96420,391,110.0,1.0,0.025399294752126114,0.14164952006405904,not_declared,,,,,0,,0,,0,False,,,
mdb-80,SolTrans,US,402,6310,187,64.0,1.0,0.09096671949286846,0.300953516090584,declared,0.6990464839094159,1.0,0.0,stopcount,4692,0.04156010230179028,0,,0,False,25.90909090909091,,
mdb-813,Santa Ynez Valley Transit,US,71,763,17,120.0,60.0,0.8951507208387942,0.9280575539568345,declared,0.6510791366906474,1.0,0.8895027624309392,distance,0,,0,,0,False,0.0,,
mdb-82,Unitrans,US,589,364,7,180.0,60.0,1.0,1.0,declared,0.6528135343876426,1.0,,stopcount,0,,0,,0,False,66.66666666666667,,
mdb-820,Summit Stage,US,632,3797,23,120.0,60.0,0.969449565446405,0.9879767827529021,declared,0.8094586671878053,1.0,0.9849311509482983,distance,58,0.017241379310344827,0,,0,False,0.0,,
mdb-838,Jefferson Transit Authority,US,141,260,18,120.0,60.0,1.0,1.0,declared,0.6176084099868594,1.0,1.0,distance,0,,0,,0,False,0.0,,
mdb-839,Santa Fe Trails,US,372,6663,104,60.0,1.0,0.9231577367552154,0.9645241274079726,declared,0.03662025557886706,1.0,0.03125,distance,372,0.7204301075268817,0,,0,False,21.666666666666668,,
mdb-84,Nevada County Connects (Gold Country Stage),US,127,1987,15,60.0,60.0,1.0,1.0,declared,0.6593406593406593,1.0,1.0,distance,0,,0,,0,False,3.6363636363636362,,
mdb-841,Régie des Transports Métropolitains (RTM),FR,10216,185836,24,60.0,60.0,1.0,1.0,not_declared,,,,,0,,0,,2,True,12.871575221557302,8.453192603879105,True
mdb-842,Marcoulines,FR,124,984,23,60.0,60.0,1.0,1.0,not_declared,,,,,0,,0,,0,False,,,
mdb-852,Tri-Valley Transit,US,227,2640,312,87.0,1.0,0.15606060606060607,0.41672473867595816,declared,0.5909407665505226,0.9838160136286201,0.024174528301886794,distance,1655,0.9335347432024169,19,1.0,0,False,0.7392473118279568,,
mdb-854,Azienda Trasporti Automobilistici Pubblici delle Province di Biella e Vercelli (ATAP),IT,980,25251,18,60.0,60.0,1.0,1.0,not_declared,,,,,0,,0,,0,False,4.919811320754717,,
mdb-855,Trenord,IT,837,4266,44,540.0,60.0,1.0,1.0,not_declared,,,,,0,,0,,1,True,0.6890756302521013,1.9770833333333333,False
mdb-857,Augsburger Verkehrs- und Tarifverbund (AVV),DE,517,7460,14,120.0,60.0,0.9997319034852546,0.9997653683716565,not_declared,,,,,0,,0,,0,False,0.0,,
mdb-858,Ver­kehrs­ver­bund Groß­raum Nürn­berg (VGN),DE,29597,476302,74,60.0,60.0,0.9990741168418357,0.999388690957881,not_declared,,,,,0,,0,,3,True,1.1151894274216978,6.024368432819137,False
mdb-861,BIOKOM,HU,1800,37017,8,60.0,60.0,1.0,1.0,not_declared,,,,,0,,0,,0,False,3.3195488721804507,,
mdb-862,Weekendbus,HU,98,1793,7,60.0,60.0,1.0,1.0,not_declared,,,,,0,,0,,0,False,0.0,,
mdb-864,Turku,FI,4345,178917,369,54.0,1.0,0.01995338620701219,0.1465551095209006,declared,0.8375185443755999,0.8073178919100369,0.01836487489743022,distance,150734,0.3260976289357411,5696,0.01913623595505618,0,False,4.873363890498079,,
mdb-865,Helsingin seudun liikenne (HSL),FI,3187,91956,7,120.0,60.0,1.0,1.0,declared,0.8891049211706039,1.0,1.0,distance,0,,0,,3,True,8.559286839415963,11.344079000505268,False
mdb-866,Tampereen joukkoliikenne (JOLI),FI,5056,160784,299,56.0,1.0,0.02266394666135934,0.23737254972897032,declared,0.9087483192542614,0.9346504559270516,0.16735560494973958,stopcount,125492,0.01882191693494406,570,0.005263157894736842,1,True,5.380601294282938,0.4017857142857143,True
mdb-867,Waltti - Jyväskylä,FI,1742,54236,12,60.0,60.0,1.0,1.0,declared,0.970902567688776,1.0,1.0,distance,0,,0,,0,False,7.393713401834051,,
mdb-868,Kuopio,FI,1417,41102,25,60.0,10.0,0.9488346065884872,0.9268786545176553,declared,0.9103080642162028,0.981571066574522,0.9214898542829906,distance,3392,0.02240566037735849,0,,0,False,4.707871583047887,,
mdb-869,Waltti - Oulu,FI,2196,95216,264,57.0,1.0,0.019807595362124012,0.16503100234057405,declared,0.9591939391450746,1.0,0.1295097231289532,distance,30404,0.040093408762005,0,,0,False,3.594484964550566,,
mdb-873,Yamanashi,JP,1356,40410,18,60.0,60.0,1.0,1.0,not_declared,,,,,0,,0,,0,False,,,
mdb-874,Aomori City Bus,JP,878,22007,10,60.0,60.0,1.0,1.0,not_declared,,,,,0,,0,,0,False,1.6666666666666667,,
mdb-881,AMA Department of Transport,GH,554,10777,663,87.0,1.0,0.01670223624385265,0.11485532815808046,not_declared,,,,,0,,0,,0,False,,,
mdb-883,South Clackamas Transportation District,US,84,1515,7,60.0,60.0,1.0,1.0,declared,0.7632575757575758,1.0,1.0,distance,0,,0,,0,False,0.0,,
mdb-885,Fort Worth Transit Authority,US,1922,61959,252,54.0,1.0,0.026921028422021015,0.1733222710978225,declared,0.8428014589627589,1.0,0.019131113133602037,distance,40798,0.3088876905730673,0,,0,False,0.40201394268009294,,
mdb-886,San Joaquin Regional Transit District (RTD),US,1365,21945,316,82.0,1.0,0.06056049213943951,0.2952824694234129,declared,0.7885015392295532,1.0,0.10625725440540255,distance,9112,0.46005267778753295,0,,0,False,2.446836268754077,,
mdb-887,Szegedi Közlekedési Társaság,HU,1440,28631,3,60.0,60.0,1.0,1.0,not_declared,,,,,0,,0,,1,True,0.16115702479338842,0.6517590936195587,False
mdb-888,Aix en Bus,FR,2232,48618,14,60.0,60.0,1.0,1.0,not_declared,,,,,0,,0,,0,False,8.173123067060425,,
mdb-892,Àrea Metropolitana de Barcelona (AMB),ES,7032,228798,333,72.0,1.0,0.020223078873067072,0.13083577153033965,not_declared,,,,,0,,0,,0,False,0.6580357882429145,,
mdb-893,Azienda Napoletana Mobilità,IT,9794,136542,732,64.0,1.0,0.10335281451860966,0.38396566805160726,not_declared,,,,,0,,0,,2,True,15.817322457196958,14.773258706467663,True
mdb-895,ARST SpA - Trasporti Regionali Della Sardegna,IT,4510,68486,56,120.0,60.0,0.9981748094501066,0.9970068468378585,not_declared,,,,,0,,0,,1,True,0.0,0.0,False
mdb-896,Azienda Trasporti di Messina (ATM),IT,969,49,4,300.0,180.0,1.0,1.0,declared,0.8923884514435696,1.0,1.0,stopcount,0,,0,,1,False,,0.3368983957219251,
mdb-899,Cortland County Public Transportation,US,86,851,130,229.0,2.0,0.099882491186839,0.2643312101910828,declared,0.9830148619957537,1.0,0.25161987041036715,distance,0,,0,,0,False,0.0,,
mdb-9,Empresa de Transportes e Transito de Belo Horizonte (BHTRANS),BR,24369,1333907,471,46.0,1.0,0.010062920428485644,0.03154758749845409,declared,0.9820608293139698,1.0,0.013856999898804772,distance,0,,0,,0,False,0.1947190869526085,,
mdb-90,Fresno Area Express (FAX),US,1432,64466,251,63.0,1.0,0.02187199453975739,0.17109775713982214,declared,0.8459437312209779,0.9997044917257684,0.02019875865532953,distance,44788,0.3775564883450924,0,,0,False,6.034086173544378,,
mdb-900,TBO Offenburg,AT,3076,46013,35,60.0,60.0,0.9999782670114967,0.9995990859158882,not_declared,,,,,0,,0,,2,True,2.1382950990615224,9.583333333333334,False
mdb-902,GRTC Transit System,US,1900,70023,258,53.0,1.0,0.024906102280679205,0.17001515509642257,declared,0.8442222932858752,1.0,0.016864572868459625,distance,59695,0.11964151101432281,0,,0,False,1.6638775960417258,,
mdb-903,Asheville Rides Transit,US,708,16157,149,44.0,1.0,0.023024076251779414,0.1685739697598577,declared,0.8542543729617551,1.0,0.026723120705212745,distance,14022,0.9660533447439738,0,,0,False,0.0,,
mdb-905,Huntington Area Rapid Transit (HART),US,110,1113,9,240.0,60.0,1.0,1.0,not_declared,,,,,0,,0,,0,False,2.2222222222222223,,
mdb-906,VOLZ,DE,2754,42968,22,120.0,60.0,1.0,1.0,not_declared,,,,,0,,0,,2,True,3.3567381626871717,6.076923076923077,False
mdb-907,Sunbus Rockhampton,AU,182,3573,7,60.0,60.0,1.0,1.0,not_declared,,,,,0,,0,,0,False,13.043478260869565,,
mdb-91,City of Madera,US,104,1692,98,91.0,1.0,0.03900709219858156,0.2717149220489978,declared,0.7589086859688196,1.0,0.04035216434336023,distance,1308,0.9831804281345565,0,,0,False,0.0,,
mdb-911,Clarkstown MiniTrans,US,66,423,10,300.0,60.0,1.0,1.0,declared,0.46973365617433416,1.0,1.0,distance,0,,0,,0,False,,,
mdb-912,Miccolis S.p.A.,IT,440,8372,111,60.0,1.0,0.9076684185379837,0.9298274177792251,declared,0.14560626702997276,0.9715965716563684,0.6777777777777778,distance,0,,270,0.05555555555555555,0,False,,,
mdb-914,NVBW,AT,4053,60502,37,60.0,60.0,0.9962315295362136,0.996880062398752,not_declared,,,,,0,,0,,1,True,1.791026183424999,6.8734177215189876,False
mdb-915,Lower Hudson Valley Transit,US,302,2276,54,180.0,60.0,0.9595782073813708,0.9821567106283942,declared,0.021722265321955005,1.0,0.17857142857142858,distance,46,0.0,0,,0,False,79.3249299719888,,
mdb-916,City of Long Beach Transportation,US,102,1940,10,60.0,60.0,1.0,1.0,not_declared,,,,,0,,0,,0,False,,,
mdb-917,Green Bay Metro,US,412,7520,7,60.0,60.0,1.0,1.0,declared,0.0024881611686331166,1.0,,stopcount,0,,0,,0,False,0.15625,,
mdb-923,CyRide,US,486,16218,57,20.0,5.0,0.048341349118263655,0.2984913793103448,declared,0.8156130268199234,1.0,0.13990017615971814,stopcount,11718,0.0,0,,0,False,0.136986301369863,,
mdb-928,PART Putnam Area Rapid Transit,US,89,1229,13,120.0,60.0,1.0,1.0,declared,0.2920168067226891,1.0,1.0,distance,0,,0,,0,False,,,
mdb-929,Lappeenranta,FI,619,19319,22,60.0,60.0,0.9967907241575651,0.998119352323288,declared,0.9128480344938306,1.0,0.997939802019999,distance,35,0.11428571428571428,0,,0,False,3.8593073593073597,,
mdb-930,Prefeitura de Bage,BR,1004,34407,113,37.0,1.0,0.010201412503269683,0.04424254394627691,declared,0.9990898058252428,0.0,0.05982386881263286,distance,0,,0,,0,False,0.020049857549857542,,
mdb-94,"Tahoe Area Regional Transit (TART), North Lake Tahoe Express",US,121,3305,128,60.0,1.0,0.3065052950075643,0.5100145137880987,declared,0.5071117561683599,1.0,0.03377218088151116,distance,1688,0.9389810426540285,0,,0,False,,,
mdb-97,OmniTrans,US,1690,77267,398,65.0,1.0,0.0514449894521594,0.14426039088934903,declared,0.9241326195646684,0.6145781328007988,0.10564929298449348,stopcount,24570,0.021286121286121285,2003,0.000998502246630055,0,False,8.518187904612086,,
mdb-978,Trentino Trasporti SpA (TT),IT,1822,36181,9,60.0,60.0,1.0,1.0,not_declared,,,,,0,,0,,0,False,0.0,,
mdb-98,Riverside Transit Agency,US,1228,54882,581,68.0,1.0,0.024160927079916912,0.153321095685338,declared,0.8639660672595392,1.0,0.020009076282024835,distance,47508,0.1445230277005978,0,,0,False,11.972737141683536,,
mdb-980,MPK Wrocław,PL,8518,213276,14,60.0,60.0,1.0,1.0,not_declared,,,,,0,,0,,1,True,8.348215810689855,1.0672853828306264,True
mdb-981,Zarząd Dróg i Transportu Miejskiego (ZDiTM),PL,5602,102548,10,60.0,60.0,1.0,1.0,not_declared,,,,,0,,0,,1,True,2.8115173883674833,0.26804123711340205,True
mdb-982,Zarząd Transportu Miejskiego Poznań (ZTM Poznań),PL,8295,172374,10,60.0,60.0,1.0,1.0,not_declared,,,,,0,,0,,1,True,5.176803394625177,0.0,True
mdb-983,Otago Regional Council (ORC),NZ,1439,33015,17,60.0,60.0,1.0,1.0,declared,0.8722692725298589,1.0,1.0,distance,0,,0,,0,False,5.524310776942356,,
mdb-985,Cars Région Auvergne-Rhône-Alpes (Transisère),FR,2177,26026,39,120.0,60.0,1.0,1.0,not_declared,,,,,0,,0,,0,False,21.683908045977013,,
mdb-99,Victor Valley Transit Authority (VVTA),US,866,16203,34,60.0,60.0,1.0,1.0,declared,0.8305220128741249,1.0,1.0,stopcount,0,,0,,0,False,10.909090909090908,,
mdb-990,Budapesti Közlekedési Központ (BKK),HU,28136,507338,28,60.0,60.0,1.0,0.9999708017663214,not_declared,,,,,0,,0,,2,True,8.74317822903394,1.4155828394159597,True
mdb-991,ATP Nuoro,IT,259,12238,35,32.0,4.0,0.01544369995097238,0.07935248373274084,not_declared,,,,,0,,0,,0,False,0.16037959667852908,,
mdb-994,Commerce Municipal Bus Lines,US,120,3712,24,60.0,60.0,1.0,1.0,declared,0.6955503512880562,1.0,1.0,distance,0,,0,,0,False,25.242857142857144,,
ntd-10002,Manchester Transit Authority,US,386,4859,180,33.0,1.0,0.08684914591479728,0.26234509056244043,declared,0.7065776930409914,0.825211176088369,0.028602266594711278,stopcount,3600,0.0038888888888888888,29,0.0,0,False,0.0,,
ntd-10015,Lewiston-Auburn Transit Committee (Citylink),US,156,140,4,120.0,60.0,1.0,1.0,not_declared,,,,,0,,0,,0,False,0.0,,
ntd-10087,Nashua Transit System,US,133,7053,126,33.0,1.0,0.0034028073160357296,0.15919844141386028,declared,0.8519343167269691,1.0,0.013067624959163672,distance,6042,1.0,0,,0,False,0.0,,
ntd-20005,Chemung County (C-TRAN),US,163,1225,21,300.0,60.0,1.0,1.0,declared,0.03268845897264843,1.0,,distance,0,,0,,0,False,0.0,,
ntd-20122,Academy Lines,US,187,3821,179,60.0,1.0,0.3964930646427637,0.4370975730559683,not_declared,,,,,0,,0,,0,False,,,
ntd-20169,Trans-Bridge Lines,US,50,177,12,900.0,300.0,1.0,1.0,declared,0.036231884057971016,1.0,,distance,0,,0,,0,False,,,
ntd-20209,Somerset County,US,53,765,17,180.0,60.0,1.0,1.0,not_declared,,,,,0,,0,,0,False,,,
ntd-294,City of Pullman,US,111,2130,10,60.0,60.0,1.0,1.0,declared,0.9446689462231893,1.0,1.0,distance,0,,0,,0,False,4.848484848484849,,
ntd-30002,Tri-State Transit Authority,US,289,604,10,300.0,120.0,1.0,1.0,declared,0.5791889824024483,1.0,,stopcount,0,,0,,0,False,,,
ntd-30010,Lehigh and Northampton Transportation Authority (LANTA),US,800,36573,26,59.0,1.0,0.4641128701501107,0.705696625906403,declared,0.7847911593931448,1.0,0.6249914763041254,distance,10999,0.05364124011273752,0,,0,False,5.103641456582634,,
ntd-30129,Anne Arundel County,US,248,477,14,300.0,60.0,1.0,0.9994378864530635,not_declared,,,,,0,,0,,0,False,60.0,,
ntd-40024,METRA,US,278,11115,6,60.0,60.0,1.0,1.0,declared,0.9142028269859885,1.0,1.0,distance,0,,0,,0,False,,,
ntd-40054,Johnson City,US,252,6134,98,38.0,1.0,0.25057059015324423,0.5778925943322374,declared,0.4224205417253797,0.9972892382759555,0.004447739065974796,distance,2686,1.0,10,0.0,0,False,0.0,,
ntd-40056,Pee Dee Regional Transportation Authority,US,219,5261,23,60.0,60.0,1.0,0.999082709065892,declared,0.7820590922936339,1.0,0.998825831702544,distance,0,,0,,0,False,,,
ntd-40060,City of Hattiesburg,US,131,3747,4,60.0,60.0,1.0,1.0,not_declared,,,,,0,,0,,0,False,0.0,,
ntd-40101,Spartanburg Area Regional Transit Agency (SPARTA),US,232,392,11,300.0,60.0,1.0,1.0,declared,0.21164510166358594,1.0,,stopcount,0,,0,,0,False,0.0,,
ntd-41136,City of Pigeon Forge,US,355,6654,144,56.0,1.0,0.036819957920048094,0.15151947496076473,declared,0.8484805250392353,1.0,0.0,stopcount,5947,0.01261140070623844,0,,0,False,1.0087719298245612,,
ntd-41153,Big Bend Transit,US,62,775,15,120.0,60.0,1.0,1.0,not_declared,,,,,0,,0,,0,False,,,
ntd-50004,City of La Crosse (Municipal Transit Utility) ,US,246,13721,43,20.0,10.0,0.15253990233947962,0.42163671511419776,not_declared,,,,,0,,0,,0,False,,,
ntd-50020,Springfield City Area Transit,US,91,1401,10,120.0,60.0,1.0,1.0,not_declared,,,,,0,,0,,0,False,0.0,,
ntd-50028,St. Cloud Metropolitan Transit Commission,US,347,14070,174,38.0,1.0,0.0162046908315565,0.20011098009294584,declared,0.8131372685024624,1.0,0.016292757826494926,distance,11532,0.9879465834200486,0,,0,False,0.16111111111111112,,
ntd-50029,Bay Metropolitan Transit Authority,US,155,1263,15,300.0,60.0,1.0,1.0,declared,0.009002770083102494,1.0,,stopcount,0,,0,,0,False,,,
ntd-50043,City of Evansville,US,502,9205,12,60.0,30.0,0.998696360673547,0.9992740232312566,declared,0.9299102428722281,1.0,0.9992193044712562,stopcount,11,0.0,0,,0,False,0.0,,
ntd-50060,Champaign-Urbana Mass Transit District,US,1937,73617,193,39.0,1.0,0.11697026502030781,0.2523832819875448,not_declared,,,,,0,,0,,0,False,3.19699333807403,,
ntd-50090,Richland County Transit,US,93,1375,10,120.0,60.0,0.984,0.992517006802721,declared,0.4163265306122449,1.0,0.9820261437908496,distance,11,0.0,0,,0,False,,,
ntd-50142,Steel Valley Regional Transit Authority,US,126,2010,17,120.0,60.0,1.0,1.0,declared,0.03677447939743022,1.0,,stopcount,0,,0,,0,False,,,
ntd-50145,City of Kokomo,US,70,3003,87,44.0,1.0,0.019314019314019316,0.10315652456882525,declared,0.9118125610152945,1.0,0.01641684511063526,distance,2756,0.5914368650217707,0,,0,False,,,
ntd-50163,Licking County Transit,US,55,1292,4,120.0,60.0,1.0,1.0,declared,0.8676363636363637,1.0,1.0,distance,0,,0,,0,False,,,
ntd-50209,"Central Indiana Regional Transportation Authority, Access Johnson County",US,77,820,17,240.0,60.0,1.0,1.0,not_declared,,,,,0,,0,,0,False,,,
ntd-50232,Go West Transit,US,210,128,4,120.0,60.0,1.0,1.0,declared,0.7165697674418605,1.0,1.0,stopcount,0,,0,,0,False,0.0,,
ntd-50244,Isabella County Transportation Commission (I-Ride),US,96,624,8,120.0,60.0,0.8878205128205128,0.9211711711711712,declared,0.26,0.9211711711711712,,stopcount,0,,0,,0,False,0.22727272727272727,,
ntd-50327,South Central Illinois Mass Transit District,US,291,2161,27,240.0,60.0,1.0,1.0,not_declared,,,,,0,,0,,0,False,,,
ntd-50485,City of Marion,US,100,410,33,420.0,5.0,0.43902439024390244,0.7450980392156863,declared,0.27450980392156865,1.0,0.07142857142857142,distance,130,1.0,0,,0,False,,,
ntd-50502,City of Galesburg,US,55,1452,11,60.0,30.0,0.7424242424242424,0.8287671232876712,declared,0.08176100628930817,0.8287671232876712,,stopcount,0,,220,0.6,0,False,0.0,,
ntd-60023,Lake Charles Transit,US,60,2160,96,64.5,1.0,0.05,0.10215053763440861,not_declared,,,,,0,,0,,0,False,,,
ntd-60032,New Orleans Regional Transit Authority (NORTA),US,1636,80956,290,41.0,1.0,0.012970008399624488,0.11683940333204185,declared,0.8993849283223557,0.9864019253910951,0.0195605934142861,distance,72829,0.14646638015076413,74,0.28378378378378377,1,True,5.571113581619419,2.25,True
ntd-60040,City of Abilene,US,84,2237,8,60.0,60.0,1.0,1.0,declared,0.8072289156626506,1.0,1.0,stopcount,0,,0,,0,False,,,
ntd-60080,Good Earth Transit,US,78,3859,110,32.0,1.0,0.022544700699663123,0.09169418338836678,not_declared,,,,,0,,0,,0,False,,,
ntd-60081,City of Longview,US,84,1764,9,60.0,60.0,1.0,1.0,not_declared,,,,,0,,0,,0,False,,,
ntd-60086,City of Fort Smith,US,147,4948,111,21.0,1.0,0.02667744543249798,0.13416780754938393,declared,0.9410628019323671,0.5278688524590164,0.10919301164725458,distance,4283,0.007938360961942564,0,,0,False,0.0,,
ntd-60091,Hill Country Transit District,US,55,405,12,600.0,60.0,1.0,1.0,not_declared,,,,,0,,0,,0,False,12.0,,
ntd-60093,Texarkana Urban Transit District (T-Line Bus),US,152,449,10,360.0,60.0,1.0,1.0,not_declared,,,,,0,,0,,0,False,,,
ntd-60099,Metro McAllen,US,270,8353,10,60.0,60.0,0.9990422602657728,0.999537144179588,declared,0.9337678966360144,1.0,0.9995001874297138,distance,3,0.0,0,,0,False,0.0,,
ntd-60161,Eureka Springs Transit,US,76,2206,7,30.0,15.0,0.44197642792384406,0.6583774969425193,not_declared,,,,,0,,0,,0,False,,,
ntd-66343,San Marcos Transit,US,95,259,6,180.0,60.0,1.0,1.0,declared,0.6309424520433695,1.0,,stopcount,0,,0,,0,False,0.0,,
ntd-70043,City of Jefferson,US,70,1690,34,29.0,1.0,0.022485207100591716,0.5590909090909091,not_declared,,,,,0,,0,,0,False,,,
ntd-70046,City of Independence,US,123,36,4,210.0,60.0,1.0,1.0,declared,0.7611350574712644,1.0,,stopcount,0,,0,,0,False,,,
ntd-80003,City of Fargo,US,650,11723,8,60.0,60.0,1.0,1.0,declared,0.8696388570179752,1.0,1.0,distance,0,,0,,0,False,1.1454545454545455,,
ntd-80012,Great Falls Transit District,US,246,3148,118,85.0,1.0,0.022871664548919948,0.394814378314673,declared,0.6157925751325869,1.0,0.01722488038277512,distance,2054,1.0,0,,0,False,0.7843137254901961,,
ntd-80013,Casper Area Transit,US,70,1474,9,120.0,60.0,1.0,1.0,not_declared,,,,,0,,0,,0,False,,,
ntd-80028,Cache Valley Transit District,US,510,12104,33,60.0,15.0,0.5242068737607403,0.6486486486486487,declared,0.8275342791471824,0.9788602941176471,0.5798295182453788,distance,3734,0.05570433851098018,0,,0,False,3.8355431993156546,,
ntd-80188,Southern Teton Area Rapid Transit (START Bus),US,121,2267,94,82.0,1.0,0.12704014115571238,0.3990787269681742,declared,0.6059463986599665,1.0,0.0082930200414651,distance,1435,1.0,0,,0,False,0.0,,
ntd-80255,Skyline Bus,US,86,357,19,240.0,60.0,1.0,1.0,not_declared,,,,,0,,0,,0,False,11.333333333333334,,
ntd-90091,Visalia Transit,US,716,1220,51,94.0,2.0,0.4491803278688525,0.8838599487617421,declared,0.3972413793103448,1.0,0.05555555555555555,distance,544,1.0,0,,0,False,0.0,,
ntd-90163,City of Camarillo,US,941,20029,36,60.0,60.0,1.0,1.0,declared,0.759578947368421,1.0,1.0,distance,0,,0,,0,False,13.619990570485621,,
ntd-90208,Butte Regional Transit (B-Line),US,351,7757,184,60.0,1.0,0.02591207941214387,0.23088307844104589,declared,0.788727183029107,1.0,0.024863174354964816,distance,6236,1.0,0,,0,False,0.0,,
ntd-90237,The Kauai Bus,US,123,2618,15,180.0,60.0,1.0,1.0,declared,0.08640174990885892,1.0,1.0,distance,0,,0,,0,False,,,
ntd-90241,Maui County Transit,US,240,3603,21,120.0,60.0,1.0,1.0,declared,0.008258064516129033,1.0,1.0,distance,0,,0,,0,False,,,
ntd-90247,Alhambra Community Transit,US,101,272,3,60.0,60.0,1.0,1.0,declared,0.5393303751512707,1.0,,distance,0,,0,,0,False,0.0,,
ntd-91122,Regional Transportation Authority of Pima County,US,146,2823,178,68.0,1.0,0.23556500177116543,0.42400806993947543,declared,0.6869535978480161,1.0,0.16152716593245228,distance,1713,0.010507880910683012,0,,0,False,,,
tdg-11681,Flixbus France,FR,4434,17044,60,1500.0,60.0,1.0,1.0,not_declared,,,,,0,,0,,0,False,27.370370370370367,,
tdg-11725,Zenbus,FR,121,1827,4,60.0,60.0,1.0,1.0,not_declared,,,,,0,,0,,0,False,0.0,,
tdg-12601,Zenbus,FR,348,5920,20,60.0,60.0,0.9996621621621622,0.9975707344955702,not_declared,,,,,0,,0,,0,False,0.0,,
tdg-12616,Zenbus,FR,101,1110,9,120.0,60.0,1.0,1.0,not_declared,,,,,0,,0,,0,False,6.25,,
tdg-25381,L'agglo Foix-Varilhes,FR,116,1761,6,120.0,60.0,1.0,1.0,not_declared,,,,,0,,0,,0,False,0.0,,
tdg-34265,Zenbus,FR,60,822,8,120.0,60.0,1.0,1.0,not_declared,,,,,0,,0,,0,False,7.083333333333333,,
tdg-38888,Région Auvergne-Rhône-Alpes,FR,1205,8369,38,300.0,60.0,1.0,1.0,not_declared,,,,,0,,0,,0,False,,,
tdg-38889,Région Auvergne-Rhône-Alpes,FR,478,3869,32,240.0,60.0,1.0,1.0,not_declared,,,,,0,,0,,0,False,,,
tdg-39589,Métropole d'Aix-Marseille-Provence,FR,10593,241018,309,58.0,1.0,0.026234555095470048,0.2498459924248145,not_declared,,,,,0,,0,,2,True,11.434355297347409,4.911026689232138,True
tdg-39591,Métropole d'Aix-Marseille-Provence,FR,1699,17138,166,70.0,1.0,0.8178900688528417,0.7516984095817789,declared,0.30311738785340886,0.7516691540334617,1.0,stopcount,0,,6044,0.03441429516876241,0,False,6.840365017602371,,
tdg-39592,Métropole d'Aix-Marseille-Provence,FR,1049,12398,31,60.0,60.0,1.0,1.0,declared,0.6051398649579716,1.0,1.0,stopcount,0,,0,,0,False,15.712885154061624,,
tdg-39595,Métropole d'Aix-Marseille-Provence,FR,92,1062,12,60.0,60.0,1.0,1.0,not_declared,,,,,0,,0,,0,False,,,
tdg-39598,Métropole d'Aix-Marseille-Provence,FR,877,11922,17,60.0,60.0,1.0,1.0,declared,0.5183635182913631,1.0,1.0,stopcount,0,,0,,0,False,9.42,,
tdg-39601,Métropole d'Aix-Marseille-Provence,FR,807,15710,30,60.0,60.0,0.8675366008911521,0.93811706629055,not_declared,,,,,0,,0,,0,False,0.3284671532846715,,
tdg-39603,Métropole d'Aix-Marseille-Provence,FR,1535,34890,15,60.0,60.0,1.0,1.0,not_declared,,,,,0,,0,,0,False,6.783407472696974,,
tdg-43286,Brest métropole,FR,1308,30619,15,60.0,60.0,1.0,1.0,declared,0.7441477637342708,1.0,1.0,distance,0,,0,,1,True,4.792426367461431,3.906927381927382,True
tdg-51449,Communauté d'agglomération du Boulonnais,FR,631,14724,18,60.0,60.0,1.0,1.0,declared,0.6770846355794474,1.0,1.0,distance,0,,0,,0,False,13.450920245398773,,
tdg-52605,BlaBlaCar Bus,FR,445,842,30,2400.0,60.0,1.0,1.0,not_declared,,,,,0,,0,,0,False,,,
tdg-52917,Vienne Condrieu Agglomération,FR,533,10204,25,60.0,60.0,1.0,1.0,not_declared,,,,,0,,0,,0,False,14.183201351494036,,
tdg-52937,Communauté d'agglomération Porte de l'Isère,FR,626,17024,7,60.0,60.0,1.0,0.9966884094330155,not_declared,,,,,0,,0,,0,False,3.3206056616194863,,
tdg-62323,Montpellier Méditerranée Métropole,FR,2730,39420,11,60.0,60.0,1.0,1.0,not_declared,,,,,0,,0,,1,True,7.986577770355479,0.8988078037664815,True
tdg-64163,Communauté d'Agglomération Hérault Méditerranée,FR,228,4721,12,120.0,60.0,1.0,1.0,not_declared,,,,,0,,0,,0,False,0.9523809523809523,,
tdg-64973,Métropole Rouen Normandie,FR,3807,88599,15,60.0,60.0,1.0,1.0,not_declared,,,,,0,,0,,1,True,10.610865398971207,8.749341238471674,True
tdg-67655,Saint-Brieuc Armor Agglomération,FR,937,27075,337,66.0,1.0,0.0654847645429363,0.3528130801085249,not_declared,,,,,0,,0,,0,False,5.195030001010862,,
tdg-71223,Ondéa - COMPAGNIE DE TRANSPORT DU LAC DU BOURGET-CTLB,FR,501,9731,23,60.0,60.0,1.0,1.0,not_declared,,,,,0,,0,,0,False,7.746268656716418,,
tdg-72361,Armor Argoat Mobilité • Guingamp-Paimpol Mobilité,FR,74,1526,5,60.0,60.0,1.0,1.0,not_declared,,,,,0,,0,,0,False,,,
tdg-75062,Syndicat Mixte du Bassin d'Alès - Réseau Ales'Y,FR,476,7250,84,90.0,1.0,0.8510344827586207,0.9228578824747605,not_declared,,,,,0,,0,,0,False,11.777777777777777,,
tdg-76779,Communauté d'Agglomération Annemasse - les Voirons Agglomération,FR,494,10357,11,60.0,60.0,1.0,1.0,declared,0.5145596272735418,1.0,1.0,distance,0,,0,,0,False,10.841058941058943,,
tdg-78387,Zenbus,FR,76,1112,7,60.0,60.0,1.0,1.0,not_declared,,,,,0,,0,,0,False,,,
tdg-78904,Oùra,FR,12612,178322,51,120.0,60.0,1.0,1.0,not_declared,,,,,0,,0,,0,False,9.204821591509388,,
tdg-78934,Communauté d'Agglomération de l'Auxerrois,FR,364,7841,19,60.0,60.0,1.0,1.0,not_declared,,,,,0,,0,,0,False,5.739247311827957,,
tdg-79220,CTS - Compagnie des Transports Strasbourgeois,FR,4385,83401,18,60.0,60.0,1.0,1.0,not_declared,,,,,0,,0,,1,True,10.633171753318187,5.963653960609585,True
tdg-79272,Communauté d'Agglomération Privas Centre Ardèche,FR,172,2643,11,60.0,60.0,1.0,1.0,not_declared,,,,,0,,0,,0,False,2.2641509433962264,,
tdg-79352,Transports Publics du Choletais,FR,748,12164,46,60.0,10.0,0.9083360736599803,0.9128111162009467,not_declared,,,,,0,,0,,0,False,1.7237554112554112,,
tdg-79374,Optymo - Belfort,FR,1399,31316,417,72.0,1.0,0.03257120960531358,0.340302613480055,not_declared,,,,,0,,0,,0,False,0.43703590889091964,,
tdg-79420,Palmbus,FR,1920,53581,408,62.0,1.0,0.03760661428491443,0.10852056719698744,declared,0.6544206410695302,0.2841501564129301,0.015775997356900967,distance,35748,0.9982096900525903,12237,0.08245485004494565,0,False,14.944233479610194,,
tdg-79483,Communauté d'agglomération du grand Gueret,FR,68,799,3,60.0,60.0,1.0,1.0,not_declared,,,,,0,,0,,0,False,0.0,,
tdg-79508,CA  de CASTRES - MAZAMET,FR,456,9009,10,60.0,60.0,1.0,1.0,not_declared,,,,,0,,0,,0,False,2.3875,,
tdg-79520,La Roche-sur-Yon Agglomération,FR,670,18440,241,66.0,1.0,0.09213665943600868,0.4090909090909091,declared,0.6051888272831886,1.0,0.02359550561797753,distance,11297,0.9696379569797291,0,,0,False,10.462130750605326,,
tdg-79528,Transdev • Bretagne ,FR,112,1226,12,120.0,60.0,1.0,1.0,not_declared,,,,,0,,0,,0,False,,,
tdg-79544,EVEOLE,FR,2509,40073,253,81.0,1.0,0.18650961994360293,0.41402948633674524,not_declared,,,,,0,,0,,0,False,2.949258034135024,,
tdg-79545,Transdev • Bretagne ,FR,137,2384,7,60.0,60.0,1.0,1.0,not_declared,,,,,0,,0,,0,False,2.3684210526315788,,
tdg-79559,Keolis Menton Riviera,FR,511,11847,31,60.0,60.0,0.8337131763315607,0.9191616766467066,not_declared,,,,,0,,0,,0,False,6.710743801652892,,
tdg-79560,Métropole Toulon Provence Méditerranée,FR,2969,88049,15,60.0,60.0,1.0,1.0,declared,0.6864490126504166,1.0,1.0,distance,0,,0,,0,False,8.369046332185453,,
tdg-79601,SETRAM,FR,1779,31724,33,60.0,2.0,0.912180052956752,0.9246343902900549,not_declared,,,,,0,,0,,1,True,7.521591047640252,0.0,True
tdg-79818,Région des Pays de la Loire,FR,10968,240211,323,60.0,1.0,0.7923617153252765,0.8663524048796912,not_declared,,,,,0,,0,,1,True,5.612767475104422,3.7504304825820127,True
tdg-79822,Communauté d'agglomération du Pays de Grasse,FR,354,13342,144,60.0,1.0,0.7768700344775896,0.8187627464309993,declared,0.18280081577158397,1.0,0.008553365563406471,distance,2666,0.1886721680420105,0,,0,False,2.841780821917808,,
tdg-79831,Communauté d'agglomération Le Cotentin,FR,729,17294,19,60.0,60.0,1.0,1.0,declared,0.527146365679051,1.0,1.0,distance,0,,0,,0,False,3.9625468164794007,,
tdg-79847,TCAT - Transports en Commun de l'Agglomération Troyenne,FR,1415,33974,231,63.0,1.0,0.12624359804556426,0.32420874947249967,declared,0.8001125334083556,0.9971850809289233,0.1560829817158931,distance,24001,0.9998750052081163,18,0.3888888888888889,0,False,8.046590999188403,,
tdg-79859,Oùra,FR,79,938,19,60.0,60.0,1.0,1.0,not_declared,,,,,0,,0,,0,False,0.0,,
tdg-79861,Oùra,FR,223,6158,8,60.0,60.0,1.0,1.0,not_declared,,,,,0,,0,,0,False,1.0457516339869282,,
tdg-79865,Oùra,FR,91,1133,5,120.0,60.0,1.0,1.0,not_declared,,,,,0,,0,,0,False,0.9090909090909091,,
tdg-79897,Martinique Transport,FR,1235,15669,299,175.0,1.0,0.9609419873635842,0.9347775038158976,not_declared,,,,,0,,0,,0,False,15.406531531531531,,
tdg-79898,Martinique Transport,FR,2223,51364,347,60.0,1.0,0.053422630636243286,0.23890122604362998,declared,0.7631515106275776,0.9654112826977623,0.013424624037168358,distance,40346,0.9508997174441085,341,0.2785923753665689,0,False,10.16916476593896,,
tdg-80036,Angers Loire Métropole,FR,1400,60102,277,60.0,1.0,0.028468270606635388,0.2524308152580404,not_declared,,,,,0,,0,,1,True,9.799823551906885,2.5242003758952913,True
tdg-80092,J'ybus,FR,144,2477,187,71.0,1.0,0.025030278562777553,0.30522701259061424,declared,0.5871804654711942,0.7245841035120147,0.010396361273554255,distance,1523,0.9986868023637557,236,0.2330508474576271,0,False,13.018376068376066,,
tdg-80100,Sibra,FR,1537,42562,350,67.0,1.0,0.02384756355434425,0.23394557823129253,declared,0.5980725623582767,0.5647954866008462,0.011601895734597157,distance,25190,0.9994442238983724,7274,0.5580148474017047,0,False,12.132860987980747,,
tdg-80221,Communauté d'agglomération Chauny-Tergnier-La Fère,FR,210,3830,19,60.0,60.0,1.0,1.0,not_declared,,,,,0,,0,,0,False,0.0,,
tdg-80223,Ametis,FR,1451,42648,14,60.0,60.0,1.0,1.0,not_declared,,,,,0,,0,,0,False,11.174537860513471,,
tdg-80245,Tempo Bus,FR,308,5560,7,60.0,60.0,1.0,1.0,not_declared,,,,,0,,0,,0,False,0.6593406593406593,,
tdg-80401,Fluo Grand Est,FR,126,2260,7,120.0,60.0,1.0,1.0,not_declared,,,,,0,,0,,0,False,1.651376146788991,,
tdg-80417,Fluo Grand Est,DZ,1009,14501,27,120.0,60.0,1.0,1.0,not_declared,,,,,0,,0,,0,False,8.928781985483017,,
tdg-80419,Fluo Grand Est,FR,1165,6806,43,180.0,60.0,1.0,1.0,not_declared,,,,,0,,0,,0,False,,,
tdg-80427,Fluo Grand Est,FR,1001,6146,29,240.0,60.0,1.0,1.0,not_declared,,,,,0,,0,,0,False,,,
tdg-80431,Fluo Grand Est,FR,196,5123,5,60.0,60.0,1.0,1.0,not_declared,,,,,0,,0,,0,False,2.0128205128205128,,
tdg-80439,Fluo Grand Est,FR,119,1716,5,60.0,60.0,1.0,1.0,not_declared,,,,,0,,0,,0,False,0.0,,
tdg-80443,Fluo Grand Est,FR,332,4145,11,60.0,60.0,1.0,1.0,not_declared,,,,,0,,0,,0,False,3.0,,
tdg-80445,Fluo Grand Est,FR,110,2320,7,60.0,60.0,1.0,1.0,not_declared,,,,,0,,0,,0,False,,,
tdg-80447,Fluo Grand Est,FR,111,1916,4,60.0,60.0,1.0,1.0,not_declared,,,,,0,,0,,0,False,0.0,,
tdg-80449,Fluo Grand Est,FR,410,8817,9,60.0,60.0,1.0,1.0,not_declared,,,,,0,,0,,0,False,0.42295081967213116,,
tdg-80451,Fluo Grand Est,FR,500,9873,11,60.0,60.0,1.0,1.0,not_declared,,,,,0,,0,,0,False,15.057142857142857,,
tdg-80453,Fluo Grand Est,FR,124,3204,11,60.0,60.0,1.0,1.0,not_declared,,,,,0,,0,,0,False,2.163265306122449,,
tdg-80457,Fluo Grand Est,FR,234,5283,12,60.0,60.0,1.0,1.0,not_declared,,,,,0,,0,,0,False,6.224299065420561,,
tdg-80459,Fluo Grand Est,FR,1275,24365,22,60.0,60.0,1.0,1.0,not_declared,,,,,0,,0,,0,False,7.9696428571428575,,
tdg-80461,Fluo Grand Est,FR,666,13136,18,60.0,60.0,1.0,1.0,not_declared,,,,,0,,0,,0,False,3.6208163591341163,,
tdg-80463,Fluo Grand Est,FR,110,1250,16,120.0,60.0,1.0,1.0,not_declared,,,,,0,,0,,0,False,,,
tdg-80467,Fluo Grand Est,FR,482,10020,17,60.0,60.0,1.0,1.0,not_declared,,,,,0,,0,,0,False,0.06726457399103139,,
tdg-80469,Fluo Grand Est,FR,330,5570,22,60.0,60.0,1.0,1.0,not_declared,,,,,0,,0,,0,False,3.4782608695652173,,
tdg-80475,Fluo Grand Est,FR,117,2398,7,60.0,60.0,1.0,1.0,not_declared,,,,,0,,0,,0,False,0.6521739130434783,,
tdg-80479,Fluo Grand Est,FR,652,10458,12,120.0,60.0,1.0,1.0,not_declared,,,,,0,,0,,0,False,6.036533957845434,,
tdg-80586,Transdev • Pays de la Loire,FR,77,592,14,240.0,60.0,1.0,1.0,not_declared,,,,,0,,0,,0,False,,,
tdg-80587,Filibus - Chartres Métropole Transports,FR,1123,23881,199,77.0,1.0,0.20585402621330764,0.47884338505839064,declared,0.5322748360262358,0.9995724668661822,0.021263806446765347,distance,13026,0.9996929218486105,5,0.0,0,False,6.446350828327573,,
tdg-80590,GRAND BESANCON METROPOLE,FR,2085,40886,14,60.0,60.0,1.0,1.0,not_declared,,,,,0,,0,,1,True,10.360869856710123,9.147646679561571,True
tdg-80594,Fluo Grand Est,FR,1476,34301,14,60.0,60.0,1.0,1.0,not_declared,,,,,0,,0,,1,True,8.316173556490456,6.702791986359761,True
tdg-80606,Martinique Transport,FR,1221,38711,308,49.0,1.0,0.034641316421688925,0.19951417409596314,declared,0.805719723530001,0.9532095901005414,0.01777833032883695,distance,31602,0.9404468071641036,323,0.34674922600619196,0,False,2.9604289940828403,,
tdg-80611,Lorient Agglomération,FR,1644,46287,377,69.0,1.0,0.07200725905761877,0.335646556215484,declared,0.6769407106387413,1.0,0.018594341655635255,distance,31879,0.9856018068320839,0,,0,False,9.392699494193204,,
tdg-80613,Syndicat mixte Atoumod,FR,556,9208,14,60.0,60.0,1.0,1.0,not_declared,,,,,0,,0,,0,False,9.850638792102206,,
tdg-80655,Syndicat mixte Atoumod,FR,303,3718,12,60.0,60.0,1.0,1.0,not_declared,,,,,0,,0,,0,False,16.19047619047619,,
tdg-80671,TBK - Réseau de transports publics de Quimperlé,FR,259,4863,328,77.0,1.0,0.08451573103022826,0.3676298320968372,declared,0.6401796173369777,1.0,0.012198841110094541,distance,3239,0.42605742513121336,0,,0,False,6.36271186440678,,
tdg-80676,ALTERNEO,FR,954,32559,299,56.0,1.0,0.0738351914985104,0.3193736017897092,declared,0.6922296793437733,0.9999030819926342,0.016805274270694188,distance,22817,0.9984222290397511,0,,0,False,10.611007025761124,,
tdg-80680,Syndicat mixte Atoumod,FR,229,5432,15,60.0,60.0,1.0,1.0,not_declared,,,,,0,,0,,0,False,2.515527950310559,,
tdg-80694,Tours Métropole Val de Loire,FR,2130,44213,11,60.0,60.0,1.0,1.0,not_declared,,,,,0,,0,,1,True,7.627477203647416,0.0,True
tdg-80701,Syndicat des Mobilités Pays Basque-Adour,FR,2571,67832,19,60.0,60.0,1.0,1.0,declared,0.6174960712414876,1.0,1.0,distance,0,,0,,0,False,10.788007054673722,,
tdg-80707,Communauté d'Agglomération du Pays de Laon,FR,211,4614,9,60.0,60.0,1.0,1.0,declared,0.33093525179856115,1.0,1.0,distance,0,,0,,0,False,3.2723970944309926,,
tdg-80721,Région des Pays de la Loire,FR,1863,27777,97,180.0,60.0,0.9960038881088671,0.9980270197966827,declared,0.002407704654895666,1.0,0.18055555555555555,distance,59,1.0,0,,0,False,17.380951842275373,,
tdg-80725,Eurométropole de Metz,FR,2142,48097,242,69.0,1.0,0.04490924589891261,0.3116901212205657,declared,0.6982224964668883,1.0,0.014196932550316437,distance,34580,1.0,0,,0,False,5.068216624809179,,
tdg-80736,Métropole d'Aix-Marseille-Provence,FR,422,7238,4,60.0,60.0,1.0,1.0,declared,0.7080550918196995,1.0,1.0,stopcount,0,,0,,0,False,3.2323897300855826,,
tdg-80742,DiviaMobilités,FR,2342,53086,222,58.0,1.0,0.04528500923030554,0.3128499589856985,not_declared,,,,,0,,0,,1,True,6.724306962150999,4.692394411144411,True
tdg-80751,Communauté d'Agglomération de Cambrai,FR,417,5467,18,60.0,60.0,1.0,1.0,not_declared,,,,,0,,0,,0,False,5.454545454545454,,
tdg-80772,Fluo Grand Est,FR,118,2626,7,60.0,60.0,1.0,1.0,not_declared,,,,,0,,0,,0,False,0.2926829268292683,,
tdg-80787,Fluo Grand Est,FR,1772,34931,28,60.0,60.0,1.0,1.0,not_declared,,,,,0,,0,,1,True,8.961706413741299,10.422750424448218,False
tdg-80921,Île-de-France Mobilités,FR,94285,1879333,99,60.0,60.0,0.9998637814586345,0.9998861558796147,declared,0.0076256265044548745,0.9998852810759469,1.0,stopcount,0,,236,0.0,3,True,11.862455632341973,6.217605095984124,True
tdg-80934,Région Réunion,FR,566,8279,48,300.0,60.0,1.0,1.0,not_declared,,,,,0,,0,,0,False,59.26227873348292,,
tdg-80960,Région Auvergne-Rhône-Alpes,FR,532,3604,31,180.0,60.0,1.0,1.0,not_declared,,,,,0,,0,,0,False,,,
tdg-80961,Région Auvergne-Rhône-Alpes,FR,571,4258,35,180.0,60.0,1.0,1.0,not_declared,,,,,0,,0,,0,False,100.0,,
tdg-80973,Communauté de communes pays d'Evian - vallée d'Abondance,FR,220,5299,8,60.0,60.0,1.0,1.0,declared,0.5731785944551901,1.0,1.0,distance,0,,0,,0,False,0.0,,
tdg-81018,LAVAL Agglomération,FR,579,15559,11,60.0,60.0,1.0,1.0,declared,0.7353642972088119,1.0,1.0,distance,0,,0,,0,False,5.739705134722928,,
tdg-81023,Saint-Etienne Métropole,FR,3560,75022,18,60.0,60.0,1.0,1.0,not_declared,,,,,0,,0,,1,True,7.112869889801565,1.2403080262811412,True
tdg-81026,Région Occitanie / Pyrénées Méditerranée,FR,4330,69534,41,120.0,60.0,1.0,1.0,declared,0.024532988083599758,1.0,1.0,distance,0,,0,,0,False,9.912745936698034,,
tdg-81054,Oise Mobilité - Syndicat mixte des transports collectifs de l'Oise,FR,127,917,8,120.0,60.0,1.0,1.0,not_declared,,,,,0,,0,,0,False,0.0,,
tdg-81072,Oise Mobilité - Syndicat mixte des transports collectifs de l'Oise,FR,505,12190,21,60.0,60.0,1.0,1.0,not_declared,,,,,0,,0,,0,False,7.639591178052716,,
tdg-81074,Oise Mobilité - Syndicat mixte des transports collectifs de l'Oise,FR,445,8819,7,60.0,60.0,1.0,1.0,not_declared,,,,,0,,0,,0,False,15.657753357753357,,
tdg-81116,SEMTO,FR,1805,44679,36,60.0,5.0,0.993151144833143,0.9956306115300234,not_declared,,,,,0,,0,,0,False,3.710653753026634,,
tdg-81175,Open Data Rodez Agglomération,FR,465,7821,24,60.0,60.0,0.8374888121723565,0.79497052099627,not_declared,,,,,0,,0,,0,False,0.0,,
tdg-81179,Transdev • Bretagne ,FR,56,858,6,60.0,60.0,1.0,1.0,not_declared,,,,,0,,0,,0,False,2.2222222222222223,,
tdg-81183,Réseau CARSUD,FR,956,27918,10,60.0,60.0,1.0,1.0,declared,0.5950604648657384,1.0,1.0,distance,0,,0,,0,False,5.680392156862745,,
tdg-8119,Zenbus,FR,225,3213,9,60.0,60.0,1.0,1.0,not_declared,,,,,0,,0,,0,False,6.611498257839721,,
tdg-81222,Réseau moova - Communauté d'Agglomération de Vesoul,FR,212,3768,12,60.0,30.0,0.7372611464968153,0.8756281407035176,not_declared,,,,,0,,0,,0,False,0.43478260869565216,,
tdg-81227,Communauté d'Agglomération de Nevers,FR,479,11119,9,60.0,60.0,1.0,1.0,declared,0.6876991219208952,1.0,1.0,distance,0,,0,,0,False,0.84375,,
tdg-81252,Communauté de Communes du Sud Corse,FR,90,2142,7,60.0,30.0,0.7282913165266106,0.8145161290322581,not_declared,,,,,0,,0,,0,False,,,
tdg-81254,Communauté d'Agglomération du Grand Dole,FR,233,4664,18,60.0,60.0,0.9210977701543739,0.9622217684296508,not_declared,,,,,0,,0,,0,False,5.112781954887218,,
tdg-81255,Tout'enbus,FR,220,2613,16,60.0,60.0,1.0,1.0,not_declared,,,,,0,,0,,0,False,8.88888888888889,,
tdg-81338,Syndicat mixte Atoumod,FR,497,10652,10,60.0,60.0,1.0,1.0,not_declared,,,,,0,,0,,0,False,9.983516483516484,,
tdg-81342,Communauté d'Agglomération Privas Centre Ardèche,FR,127,1155,22,120.0,60.0,1.0,1.0,not_declared,,,,,0,,0,,0,False,,,
tdg-81346,Métropole du Grand Nancy,FR,1713,61916,270,78.0,1.0,0.04260611150591123,0.2855144666740008,declared,0.7256439673733674,1.0,0.015377284934592393,distance,45462,1.0,0,,1,True,6.309011800242638,6.601880974406413,False
tdg-81365,CHATEAUROUX METROPOLE,FR,380,9517,9,60.0,60.0,1.0,1.0,not_declared,,,,,0,,0,,0,False,1.9166666666666667,,
tdg-81394,Région des Pays de la Loire,FR,1657,1071,27,240.0,60.0,1.0,1.0,not_declared,,,,,0,,0,,0,False,,,
tdg-81416,Région des Pays de la Loire,FR,312,6226,35,60.0,60.0,0.9972695149373595,0.9984550561797753,not_declared,,,,,0,,0,,0,False,0.6590909090909091,,
tdg-81421,Région des Pays de la Loire,FR,586,9840,12,60.0,60.0,1.0,1.0,not_declared,,,,,0,,0,,0,False,6.325660121868653,,
tdg-81432,Communauté d'Agglomération du Grand Cahors,FR,333,4996,101,60.0,1.0,0.7311849479583667,0.8351706036745407,declared,0.16640419947506563,1.0,0.00946372239747634,distance,942,1.0,0,,0,False,2.6039915966386555,,
tdg-81455,Communauté de Communes du Briançonnais,FR,206,3012,12,60.0,60.0,1.0,1.0,not_declared,,,,,0,,0,,0,False,0.7407407407407407,,
tdg-81459,Région Bretagne,FR,90,2073,5,60.0,60.0,1.0,1.0,not_declared,,,,,0,,0,,0,False,0.7142857142857143,,
tdg-81461,Région Bretagne,FR,307,4543,27,180.0,60.0,1.0,1.0,not_declared,,,,,0,,0,,0,False,46.094047619047615,,
tdg-81462,Région Bretagne,FR,182,974,30,300.0,60.0,1.0,1.0,not_declared,,,,,0,,0,,0,False,,,
tdg-81476,Région Bretagne,FR,378,6234,22,60.0,60.0,1.0,1.0,not_declared,,,,,0,,0,,0,False,1.5178571428571428,,
tdg-81522,Communauté d'agglomération de l'Albigeois,FR,275,7069,127,54.0,1.0,0.0434290564436271,0.33374183006535946,not_declared,,,,,0,,0,,0,False,8.882380952380952,,
tdg-81547,Communauté d'Agglomération Gap-Tallard-Durance,FR,463,6702,17,60.0,60.0,0.9998507908087139,0.9996538195245788,not_declared,,,,,0,,0,,0,False,12.968503937007874,,
tdg-81549,Communauté de Communes des Montagnes du Giffre,FR,670,6095,15,120.0,60.0,1.0,1.0,not_declared,,,,,0,,0,,0,False,11.917760821938508,,
tdg-81559,Région Bretagne,FR,7706,162480,36,60.0,60.0,1.0,1.0,not_declared,,,,,0,,0,,1,True,6.983186892922243,18.057330057330056,False
tdg-81575,Sète Agglopole Méditerranée,FR,973,17262,200,72.0,1.0,0.10786699107866991,0.42747463668768854,not_declared,,,,,0,,0,,0,False,6.116019417475728,,
tdg-81585,Pays de Gex Agglo,FR,765,14572,10,120.0,60.0,1.0,1.0,not_declared,,,,,0,,0,,0,False,18.263257973449058,,
tdg-81617,Syndicat Mixte des Mobilités de l'Aire Grenobloise,FR,276,276,253,1244.0,1.0,0.018115942028985508,0.5090579710144928,not_declared,,,,,0,,0,,0,False,,,
tdg-81678,Toulouse métropole,FR,7390,150880,18,60.0,60.0,1.0,1.0,not_declared,,,,,0,,0,,2,True,6.9762352493444935,2.775,True
tdg-81705,Communauté d’Agglomération du Centre Littoral de Guyane,FR,250,2446,25,180.0,60.0,0.9991823385118561,0.999645390070922,not_declared,,,,,0,,0,,0,False,50.323076923076925,,
tdg-81770,Région Bretagne,FR,144,3083,12,120.0,60.0,1.0,1.0,not_declared,,,,,0,,0,,0,False,,,
tdg-81794,Syndicat Mixte des Mobilités de l'Aire Grenobloise,FR,328,5606,22,60.0,60.0,1.0,1.0,not_declared,,,,,0,,0,,0,False,0.0,,
tdg-81876,Carcassonne Agglo,FR,640,11257,236,71.0,1.0,0.5996268988185129,0.6548769217844241,not_declared,,,,,0,,0,,0,False,5.383446174678402,,
tdg-81898,Communauté d'Agglomération du Grand Sénonais INTERCOM,FR,269,4657,25,120.0,60.0,0.9952759287094696,0.9977924944812362,not_declared,,,,,0,,0,,0,False,0.15,,
tdg-81907,Dracénie Provence Verdon agglomération,FR,225,4946,11,60.0,60.0,1.0,1.0,not_declared,,,,,0,,0,,0,False,0.96875,,
tdg-81924,Alliance Atlantique,FR,90,1489,8,120.0,60.0,1.0,1.0,not_declared,,,,,0,,0,,0,False,,,
tdg-81927,Région Bretagne,FR,80,1400,7,60.0,60.0,1.0,1.0,not_declared,,,,,0,,0,,0,False,,,
tdg-81942,Syndicat mixte Atoumod,FR,11451,252602,39,60.0,60.0,1.0,1.0,not_declared,,,,,0,,0,,2,True,8.765397626416533,8.749341238471676,True
tdg-81943,SYTRAL Mobilités,FR,16974,354264,98,60.0,1.0,0.9926326129666012,0.9955463875257851,not_declared,,,,,0,,0,,2,True,9.827716914906896,3.1074587506453297,True
tdg-81944,évolitY,FR,1022,31246,14,60.0,60.0,1.0,1.0,not_declared,,,,,0,,0,,0,False,10.404878048780487,,
tdg-81969,Métropole d'Aix-Marseille-Provence,FR,17587,356125,349,60.0,1.0,0.3433710073710074,0.5154848068722704,declared,0.10472055589398367,0.48318542737038767,0.7916194232191275,stopcount,8454,0.06635911994322215,179023,0.10839389352206141,3,True,8.597741878476695,12.049504950495049,False
tdg-81975,Syndicat mixte Atoumod,FR,110,1070,7,120.0,60.0,1.0,1.0,not_declared,,,,,0,,0,,0,False,5.46875,,
tdg-81995,Métropole Européenne de Lille ,FR,4822,125984,26,60.0,60.0,1.0,1.0,not_declared,,,,,0,,0,,2,True,11.128542908447214,0.010964912280701691,True
tdg-8201,Zenbus,FR,55,1212,8,120.0,60.0,1.0,1.0,not_declared,,,,,0,,0,,0,False,23.666666666666668,,
tdg-82093,STGA - réseau Möbius,FR,6542,41455,27,60.0,60.0,1.0,1.0,not_declared,,,,,0,,0,,0,False,7.905610362735206,,
tdg-82094,NEMUS (Réseau de transports de Flers Agglo),FR,81,644,20,240.0,60.0,1.0,1.0,not_declared,,,,,0,,0,,0,False,,,
tdg-82136,Région Provence-Alpes-Côte-d'Azur,FR,2305,20333,49,120.0,60.0,1.0,1.0,declared,8.656135035706557e-05,1.0,1.0,stopcount,0,,0,,0,False,0.0,,
tdg-82137,Région Provence-Alpes-Côte-d'Azur,FR,2165,54339,203,120.0,1.0,0.9687333222915402,0.9747239796551297,declared,0.009583178265723856,0.9837482386096759,0.042071197411003236,stopcount,592,0.2905405405405405,1028,0.1293774319066148,0,False,19.771408308809885,,
tdg-82140,Syndicat mixte Atoumod,FR,230,3429,19,120.0,60.0,1.0,1.0,not_declared,,,,,0,,0,,0,False,0.4444444444444444,,
tdg-82148,Valence Romans Mobilités,FR,1988,50224,348,71.0,1.0,0.11313316342784326,0.3556270589136597,declared,0.6497931509997702,1.0,0.008341438971910278,distance,33644,0.9997027701819047,0,,0,False,5.615087752979597,,
tdg-82154,Syndicat intercommunal des Transports Urbains Soissonnais,FR,224,4325,7,60.0,60.0,1.0,1.0,not_declared,,,,,0,,0,,0,False,0.0,,
tdg-82155,Nouvelle-Aquitaine Mobilités,FR,375,7251,39,60.0,60.0,1.0,1.0,not_declared,,,,,0,,0,,0,False,1.52,,
tdg-82166,Transports de l'Agglomération Châtelleraudaise,FR,352,7193,14,60.0,60.0,1.0,1.0,not_declared,,,,,0,,0,,0,False,0.4669312169312169,,
tdg-82168,Transp'Or - Pays de l'Or Agglomération,FR,151,3936,15,60.0,60.0,1.0,1.0,not_declared,,,,,0,,0,,0,False,12.903225806451612,,
tdg-82178,Thonon Agglomération,FR,695,9473,15,60.0,60.0,1.0,1.0,not_declared,,,,,0,,0,,0,False,1.5415584415584414,,
tdg-82189,Communauté d'Agglomération du Grand Villeneuvois,FR,170,3240,19,60.0,60.0,1.0,1.0,not_declared,,,,,0,,0,,0,False,2.6351351351351346,,
tdg-82272,Grand Chambéry,FR,1126,32710,250,69.0,1.0,0.06300825435646591,0.3512826575245301,declared,0.6584998226740749,1.0,0.014855706655895157,distance,21950,0.9980865603644647,0,,0,False,8.469563877945014,,
tdg-82285,Région Provence-Alpes-Côte-d'Azur,FR,451,3860,54,300.0,60.0,1.0,1.0,not_declared,,,,,0,,0,,1,False,46.666666666666664,12.477707006369426,
tdg-82289,Martinique Transport,FR,1134,8363,164,180.0,6.0,0.7258160947028578,0.7702759197324415,not_declared,,,,,0,,0,,0,False,,,
tdg-82291,Région Bretagne,FR,289,4317,6,60.0,60.0,1.0,1.0,not_declared,,,,,0,,0,,0,False,2.6171875,,
tdg-82294,Estérel Côte d'Azur Agglomération,FR,563,12807,16,60.0,30.0,0.8123682361208714,0.9070306656694092,not_declared,,,,,0,,0,,0,False,4.468187274909964,,
tdg-82309,Syndicat mixte Atoumod,FR,50,1013,3,60.0,60.0,1.0,1.0,not_declared,,,,,0,,0,,0,False,0.0,,
tdg-82311,Syndicat mixte Atoumod,FR,97,1438,6,60.0,60.0,1.0,1.0,not_declared,,,,,0,,0,,0,False,,,
tdg-82312,Syndicat mixte Atoumod,FR,52,590,6,120.0,60.0,1.0,1.0,not_declared,,,,,0,,0,,0,False,,,
tdg-82315,Syndicat mixte Atoumod,FR,68,1113,7,60.0,60.0,1.0,1.0,not_declared,,,,,0,,0,,0,False,8.333333333333334,,
tdg-82317,Syndicat mixte Atoumod,FR,1686,28730,44,120.0,60.0,1.0,1.0,not_declared,,,,,0,,0,,0,False,30.11067019400353,,
tdg-82319,Nouvelle-Aquitaine Mobilités,FR,338,8955,11,60.0,60.0,1.0,1.0,not_declared,,,,,0,,0,,0,False,6.052631578947368,,
tdg-82330,Nouvelle-Aquitaine Mobilités,FR,91,1144,25,300.0,60.0,1.0,1.0,not_declared,,,,,0,,0,,0,False,,,
tdg-82338,Nouvelle-Aquitaine Mobilités,FR,1285,24360,43,120.0,60.0,1.0,1.0,not_declared,,,,,0,,0,,0,False,28.11123511904762,,
tdg-82342,Nouvelle-Aquitaine Mobilités,FR,108,820,25,420.0,60.0,1.0,1.0,not_declared,,,,,0,,0,,0,False,0.0,,
tdg-82348,Nouvelle-Aquitaine Mobilités,FR,2133,46925,11,60.0,60.0,1.0,1.0,not_declared,,,,,0,,0,,0,False,8.853236861178038,,
tdg-82350,Nouvelle-Aquitaine Mobilités,FR,1168,30253,201,70.0,1.0,0.0747033352064258,0.3687342859870787,not_declared,,,,,0,,0,,0,False,6.228165774506524,,
tdg-82352,Nouvelle-Aquitaine Mobilités,FR,648,13270,13,60.0,60.0,1.0,1.0,not_declared,,,,,0,,0,,0,False,3.076586433260394,,
tdg-82355,Nouvelle-Aquitaine Mobilités,FR,372,8193,6,60.0,60.0,1.0,1.0,not_declared,,,,,0,,0,,0,False,9.613989637305698,,
tdg-82357,Nouvelle-Aquitaine Mobilités,FR,855,11109,273,86.0,1.0,0.20622918354487352,0.47651287194918085,not_declared,,,,,0,,0,,0,False,12.113281385281386,,
tdg-82359,Nouvelle-Aquitaine Mobilités,FR,280,6972,9,60.0,60.0,1.0,1.0,not_declared,,,,,0,,0,,0,False,16.032258064516128,,
tdg-82361,Nouvelle-Aquitaine Mobilités,FR,374,6475,18,60.0,60.0,1.0,1.0,not_declared,,,,,0,,0,,0,False,2.3076923076923075,,
tdg-82365,Nouvelle-Aquitaine Mobilités,FR,127,2140,6,60.0,60.0,1.0,1.0,not_declared,,,,,0,,0,,0,False,,,
tdg-82367,Nouvelle-Aquitaine Mobilités,FR,312,6855,20,60.0,60.0,1.0,1.0,not_declared,,,,,0,,0,,0,False,3.6493506493506493,,
tdg-82370,Nouvelle-Aquitaine Mobilités,FR,208,4315,17,60.0,30.0,0.8743916570104288,0.9314154680008339,not_declared,,,,,0,,0,,0,False,8.426020408163266,,
tdg-82373,Nouvelle-Aquitaine Mobilités,FR,65,1117,11,120.0,60.0,1.0,1.0,not_declared,,,,,0,,0,,0,False,0.0,,
tdg-82375,Nouvelle-Aquitaine Mobilités,FR,190,4765,10,60.0,60.0,1.0,1.0,not_declared,,,,,0,,0,,0,False,0.0,,
tdg-82377,Nouvelle-Aquitaine Mobilités,FR,538,5080,5,60.0,60.0,1.0,1.0,not_declared,,,,,0,,0,,0,False,0.9523809523809523,,
tdg-82379,Nouvelle-Aquitaine Mobilités,FR,77,1780,5,60.0,60.0,1.0,1.0,not_declared,,,,,0,,0,,0,False,4.62962962962963,,
tdg-82413,Fluo Grand Est,FR,190,2238,11,120.0,60.0,1.0,1.0,not_declared,,,,,0,,0,,0,False,0.0,,
tdg-82415,Espace Communautaire Lons Agglomération,FR,52,954,8,60.0,60.0,1.0,1.0,not_declared,,,,,0,,0,,0,False,0.3333333333333333,,
tdg-82442,Syndicat Intercommunal de Mobilité et d'Organisation Urbaine du Valenciennois,FR,1512,30013,16,60.0,60.0,1.0,1.0,not_declared,,,,,0,,0,,1,True,9.887600764564116,1.333186963309914,True
tdg-82545,Montélibus,FR,419,6953,20,60.0,30.0,0.834028476916439,0.9217308735756918,not_declared,,,,,0,,0,,0,False,7.690962099125364,,
tdg-82547,Keolis RIOM,FR,306,5856,18,60.0,30.0,0.766051912568306,0.8863931316761505,not_declared,,,,,0,,0,,0,False,2.2857142857142856,,
tdg-82553,Transdev GMVA Mobilités • Kicéo,FR,1166,28966,25,60.0,60.0,0.9672029275702548,0.9842544580751234,not_declared,,,,,0,,0,,0,False,12.126257523413921,,
tdg-82554,Transdev Vierzon Mobilités • Le Vib,FR,129,1636,14,60.0,60.0,1.0,1.0,not_declared,,,,,0,,0,,0,False,,,
tdg-82555,Transdev SMA Mobilités • MAT,FR,727,14038,21,60.0,60.0,1.0,1.0,declared,0.6972471271625206,1.0,1.0,distance,0,,0,,0,False,4.633728890917389,,
tdg-82583,Communauté d'Agglomération Gaillac Graulhet,FR,110,1337,5,60.0,60.0,1.0,1.0,not_declared,,,,,0,,0,,0,False,0.0,,
tdg-82604,Communauté de communes du Guillestrois et du Queyras,FR,82,444,10,180.0,60.0,1.0,1.0,not_declared,,,,,0,,0,,0,False,0.0,,
tdg-82660,Communauté d'Agglomération Beaune Côte et Sud,FR,188,2665,23,60.0,30.0,0.6911819887429643,0.8471784086926043,not_declared,,,,,0,,0,,0,False,4.583333333333333,,
tdg-82661,Le Grand Narbonne Communauté d'Agglomération,FR,596,13487,15,60.0,60.0,1.0,1.0,not_declared,,,,,0,,0,,0,False,4.482323232323233,,
tdg-82662,ENVIA,FR,488,10271,24,60.0,60.0,1.0,1.0,not_declared,,,,,0,,0,,0,False,10.74002100840336,,
tdg-82663,Transdev Chamonix,FR,354,6032,13,60.0,60.0,1.0,1.0,declared,0.7706299911268856,1.0,1.0,distance,0,,0,,0,False,0.0,,
tdg-82664,Le Grand Chalon,FR,828,13568,21,60.0,60.0,1.0,1.0,not_declared,,,,,0,,0,,0,False,13.482865043701546,,
tdg-82682,Transdev Savoie,FR,96,1088,5,90.0,60.0,1.0,1.0,not_declared,,,,,0,,0,,0,False,,,
tdg-82683,Communauté Urbaine de Dunkerque / Réseau Dk Bus,FR,1544,41665,11,60.0,60.0,1.0,1.0,not_declared,,,,,0,,0,,0,False,8.208555333555333,,
tdg-82689,Communauté de communes Retz-en-Valois,FR,70,868,7,60.0,60.0,1.0,1.0,not_declared,,,,,0,,0,,0,False,0.0,,
tdg-82704,PASTEL,FR,470,12723,7,60.0,60.0,1.0,1.0,not_declared,,,,,0,,0,,0,False,4.54320987654321,,
tdg-82711,Syndicat mixte Atoumod,FR,54,833,8,60.0,60.0,1.0,1.0,not_declared,,,,,0,,0,,0,False,0.0,,
tdg-82721,Syndicat mixte Atoumod,FR,135,2778,8,60.0,60.0,1.0,1.0,not_declared,,,,,0,,0,,0,False,16.721311475409838,,
tdg-82727,Syndicat Mixte des Transports du Petit Cul de Sac Marin,FR,1082,20995,754,72.0,1.0,0.2798285306025244,0.2503228104546062,not_declared,,,,,0,,0,,0,False,19.460670731707314,,
tdg-82780,Syndicat Mixte des Transports Urbains du grand Nouméa,FR,252,7280,189,60.0,1.0,0.7043956043956044,0.796202867764206,declared,0.20499203398831653,1.0,0.005829015544041451,distance,1535,1.0,0,,0,False,10.932575757575759,,
tdg-82832,Alliance Atlantique,FR,121,1580,18,60.0,60.0,1.0,1.0,not_declared,,,,,0,,0,,0,False,0.0,,
tdg-82879,CITALIS,FR,3163,53766,18,60.0,60.0,1.0,1.0,not_declared,,,,,0,,0,,0,False,8.156582778923203,,
tdg-82900,Sankéo,FR,995,28379,297,67.0,1.0,0.09563409563409564,0.37165520528358414,declared,0.6396813508544972,1.0,0.01772219265566791,distance,18457,0.9884054830145744,0,,0,False,11.616232363315696,,
tdg-82911,Tango,FR,2273,42400,25,60.0,60.0,1.0,1.0,not_declared,,,,,0,,0,,0,False,6.598051968582178,,
tdg-82997,Collectivité de Corse,FR,66,354,13,180.0,60.0,1.0,1.0,not_declared,,,,,0,,0,,0,False,,,
tdg-82999,monRéZO,FR,182,4446,10,60.0,60.0,1.0,1.0,not_declared,,,,,0,,0,,0,False,0.0,,
tdg-83020,Communauté d'Agglomération du Nord Grande-Terre,ML,150,2249,14,120.0,60.0,0.9804357492218764,0.9908485856905158,not_declared,,,,,0,,0,,0,False,,,
tdg-83024,Bordeaux Métropole,FR,4018,162265,323,65.0,1.0,0.05910085354204542,0.2919119813811394,not_declared,,,,,0,,0,,1,True,5.384148683871553,0.8781868716079243,True
tdg-83042,AGGLOMERATION DU GARD RHODANIEN,FR,357,3795,27,120.0,60.0,1.0,1.0,not_declared,,,,,0,,0,,0,False,3.372093023255814,,
tdg-83112,Région Auvergne-Rhône-Alpes,FR,282,3036,41,300.0,60.0,1.0,1.0,not_declared,,,,,0,,0,,0,False,21.0,,
tdg-83113,Région Auvergne-Rhône-Alpes,FR,66,731,14,120.0,60.0,1.0,1.0,not_declared,,,,,0,,0,,0,False,,,
tdg-83114,Région Auvergne-Rhône-Alpes,FR,908,6061,36,240.0,60.0,1.0,1.0,not_declared,,,,,0,,0,,0,False,,,
tdg-83126,REDON Agglomération,FR,248,2331,28,180.0,60.0,1.0,1.0,not_declared,,,,,0,,0,,0,False,,,
tdg-83134,TLP Mobilités,FR,628,10871,11,60.0,60.0,1.0,1.0,not_declared,,,,,0,,0,,0,False,1.9,,
tdg-83178,Métropole Nice Côte d'Azur,FR,5038,101568,24,60.0,60.0,1.0,1.0,not_declared,,,,,0,,0,,1,True,11.502303603569427,7.443821638887428,True
tdg-83202,Coeur de Flandre Agglo,FR,163,2686,9,120.0,60.0,1.0,1.0,not_declared,,,,,0,,0,,0,False,0.9428571428571428,,
tdg-83210,Transport du Grand Longwy,FR,278,5722,21,60.0,60.0,0.9991261796574624,0.9995244134432467,not_declared,,,,,0,,0,,0,False,0.0,,
tdg-83251,Nantes Métropole,FR,6932,150541,24,60.0,60.0,1.0,1.0,not_declared,,,,,0,,0,,1,True,6.280411385012746,3.750430482582012,True
tdg-83258,COMMUNAUTE DE COMMUNES COEUR DE MAURIENNE ARVAN,FR,131,1558,8,60.0,60.0,1.0,1.0,not_declared,,,,,0,,0,,0,False,0.0,,
tdg-83276,VITRE COMMUNAUTE,FR,260,3656,9,60.0,60.0,1.0,1.0,not_declared,,,,,0,,0,,0,False,0.0,,
tdg-83277,Fluo Grand Est,FR,80,839,5,120.0,60.0,1.0,1.0,not_declared,,,,,0,,0,,0,False,0.8823529411764706,,
tdg-83280,VITRE COMMUNAUTE,FR,164,806,17,360.0,60.0,1.0,1.0,not_declared,,,,,0,,0,,0,False,,,
tdg-83281,STAR,FR,3259,75058,24,60.0,60.0,1.0,1.0,not_declared,,,,,0,,0,,1,True,9.024724930513472,1.809955080013769,True
tdg-83300,Auray Quiberon Terre Atlantique,FR,328,4887,9,120.0,60.0,1.0,1.0,not_declared,,,,,0,,0,,0,False,0.0,,
tdg-83304,Communauté d’Agglomération du Centre Littoral de Guyane,FR,189,4612,17,60.0,60.0,1.0,1.0,not_declared,,,,,0,,0,,0,False,8.868916797488229,,
tdg-83310,VICHY COMMUNAUTE,FR,356,6968,6,60.0,60.0,1.0,1.0,declared,0.20295529174033847,1.0,1.0,distance,0,,0,,0,False,3.5555555555555554,,
tdg-83315,COMMUNAUTE D'AGGLOMERATION DES 2 BAIES EN MONTREUILLOIS,FR,72,1808,15,120.0,60.0,1.0,1.0,not_declared,,,,,0,,0,,0,False,,,
tdg-83326,Agglomération Montargoise Et rives du loing,FR,277,7253,12,60.0,60.0,1.0,1.0,not_declared,,,,,0,,0,,0,False,8.496932515337424,,
tdg-83330,Grand Avignon,FR,2083,32361,16,60.0,60.0,1.0,1.0,declared,0.7401515348764548,1.0,1.0,distance,0,,0,,0,False,14.214816516816517,,
tdg-83364,Communauté de communes de Serre-Ponçon,FR,50,975,5,60.0,60.0,1.0,1.0,not_declared,,,,,0,,0,,0,False,,,
tdg-83368,Réseau beeMob - Transports en commun de l'Agglomération Béziers Méditerranée,FR,947,19131,59,60.0,1.0,0.9841095603993518,0.9315854352361085,not_declared,,,,,0,,0,,0,False,0.8656060606060606,,
tdg-83372,Communauté Urbaine d'Arras,FR,1091,21324,15,60.0,60.0,1.0,1.0,not_declared,,,,,0,,0,,0,False,0.02366163856847087,,
tdg-83389,Grand Poitiers Open Data,FR,1929,44611,566,76.0,1.0,0.08145972966308758,0.3381032185982553,not_declared,,,,,0,,0,,0,False,7.111036090648968,,
tdg-83394,CA Luberon Monts de Vaucluse,FR,334,3013,13,60.0,60.0,0.9840690341851974,0.9928293994622049,not_declared,,,,,0,,0,,0,False,0.0,,
tdg-83405,Flibco.com,FR,54,54,1,1200.0,,1.0,1.0,not_declared,,,,,0,,0,,0,False,0.0,,
tdg-83408,Quimper Bretagne Occidentale,FR,975,27187,333,58.0,1.0,0.04307205649759076,0.2806973936510191,declared,0.73251189546197,1.0,0.01803286635319211,distance,20257,0.8101397047934048,0,,0,False,8.30067155067155,,
tdg-83416,Trans-Landes,FR,193,2337,13,120.0,60.0,1.0,1.0,not_declared,,,,,0,,0,,0,False,,,
tdg-83418,Trans-Landes,FR,204,4705,7,60.0,60.0,1.0,1.0,not_declared,,,,,0,,0,,0,False,10.522388059701493,,
tdg-83429,Communauté d'Agglomération Provence Verte,FR,349,2483,30,120.0,60.0,0.999597261377366,1.0,not_declared,,,,,0,,0,,0,False,58.8,,
tdg-83459,Syndicat Mixte des Mobilités de l'Aire Grenobloise,FR,2962,67920,229,73.0,1.0,0.11676972909305065,0.35860021565305067,not_declared,,,,,0,,0,,1,True,6.618108870199206,1.7792216847265223,True
tdg-83462,Syndicat Mixte des Mobilités de l'Aire Grenobloise,FR,563,8648,24,60.0,60.0,1.0,1.0,not_declared,,,,,0,,0,,0,False,3.718005952380952,,
tdg-83465,Clermont Auvergne Métropole,FR,2383,55249,26,60.0,60.0,1.0,1.0,not_declared,,,,,0,,0,,1,True,11.288800998032613,5.160776723276722,True
tdg-83507,Mâconnais Beaujolais Agglomération,FR,792,14562,12,60.0,60.0,1.0,1.0,not_declared,,,,,0,,0,,0,False,0.4953271028037383,,
tdg-83509,Lulu en Bus (Ex. Lunéo),FR,70,1466,4,60.0,60.0,1.0,1.0,not_declared,,,,,0,,0,,0,False,,,
tdg-83512,REDON Agglomération,FR,79,1265,5,120.0,60.0,1.0,1.0,not_declared,,,,,0,,0,,0,False,,,
tdg-83519,JVMALIN,FR,964,25712,15,60.0,60.0,1.0,1.0,not_declared,,,,,0,,0,,0,False,6.20022325682703,,
tdg-83521,JVMALIN,FR,7038,162497,287,60.0,1.0,0.6809848797208564,0.7948177741710624,not_declared,,,,,0,,0,,1,True,5.681674376666144,0.23986486486486486,True
tdg-83526,JVMALIN,FR,414,8689,11,60.0,60.0,1.0,1.0,not_declared,,,,,0,,0,,0,False,5.670542635658915,,
tdg-83529,JVMALIN,FR,274,7171,14,60.0,30.0,0.8644540510389067,0.9347212894560107,not_declared,,,,,0,,0,,0,False,0.2191780821917808,,
tdg-83530,JVMALIN,FR,1245,16374,44,180.0,60.0,1.0,1.0,not_declared,,,,,0,,0,,0,False,15.142857142857142,,
tdg-83578,Communauté de communes Cluses Arve et Montagne,FR,117,1939,6,60.0,60.0,1.0,1.0,not_declared,,,,,0,,0,,0,False,,,
tdg-83582,SNCF,FR,810,6305,44,240.0,60.0,1.0,1.0,not_declared,,,,,0,,0,,2,False,3.1578947368421053,8.683035714285715,
tdg-83626,Communauté de Communes Haute-Tarentaise,FR,211,1950,9,120.0,60.0,0.9384615384615385,0.97223507635354,not_declared,,,,,0,,0,,0,False,0.0,,
tdg-83627,Communauté de Communes Haute-Tarentaise,FR,120,91,4,300.0,60.0,1.0,1.0,not_declared,,,,,0,,0,,0,False,,,
tdg-83629,Communauté de Communes Haute-Tarentaise,FR,168,1695,8,120.0,60.0,1.0,1.0,not_declared,,,,,0,,0,,0,False,0.0,,
tdg-83632,Pau Béarn Pyrénées Mobilités,FR,1226,35554,10,60.0,60.0,1.0,1.0,not_declared,,,,,0,,0,,0,False,11.62822333642523,,
tdg-83633,Région Auvergne-Rhône-Alpes,FR,131,1947,10,60.0,60.0,1.0,1.0,not_declared,,,,,0,,0,,0,False,3.764705882352941,,
tdg-83634,Fluo Grand Est,FR,22207,392598,57,60.0,60.0,1.0,1.0,not_declared,,,,,0,,0,,3,True,6.373887092459776,23.59259259259259,False
tdg-83635,Fluo Grand Est,FR,5882,43869,46,180.0,60.0,1.0,1.0,not_declared,,,,,0,,0,,0,False,8.938026425788664,,
tdg-83642,Syndicat mixte Atoumod,FR,384,1200,7,60.0,120.0,1.0,1.0,not_declared,,,,,0,,0,,0,False,0.0,,
tdg-83643,TADAO,FR,1931,61272,20,60.0,60.0,0.9987596291944119,0.9990593946749602,not_declared,,,,,0,,0,,0,False,5.713980463980464,,
tdg-83710,Fluo Grand Est,FR,2103,65703,7,60.0,60.0,1.0,1.0,not_declared,,,,,0,,0,,0,False,8.339841861377062,,
tdg-83716,CA ANNONAY RHONE AGGLO,FR,229,2620,7,60.0,60.0,1.0,1.0,not_declared,,,,,0,,0,,0,False,5.038961038961039,,
tdg-83725,Oùra,FR,96,1574,8,120.0,60.0,1.0,1.0,not_declared,,,,,0,,0,,0,False,0.0,,
tdg-83750,Société d'économie Mixte des Transports Montalbanais,FR,847,14217,19,60.0,60.0,1.0,1.0,declared,0.5885161606268364,1.0,1.0,distance,0,,0,,0,False,1.0675539929683575,,
tdg-83751,Orléans Métropole,FR,1860,58021,303,72.0,1.0,0.03371193188673067,0.25864631519179704,not_declared,,,,,0,,0,,1,True,7.631784487880939,0.38461538461538464,True
tdg-83756,COMPAGNIE AUTOBUS DE MONACO,MC,1318,14530,234,96.0,1.0,0.04136269786648314,0.205010095911156,not_declared,,,,,0,,0,,0,False,14.764021852291993,,
tdg-83757,Communauté d'agglomération de la Baie de Somme,FR,296,4331,15,60.0,60.0,1.0,1.0,not_declared,,,,,0,,0,,0,False,0.15151515151515152,,
tdg-83762,Transdev CapAtlantique Mobilités • Lila Presqu'île,FR,499,8328,29,120.0,60.0,1.0,1.0,not_declared,,,,,0,,0,,0,False,3.795698924731183,,
tdg-83774,SPL Estival/ Cirest ,FR,631,16184,275,64.0,1.0,0.025951557093425604,0.24977698483496877,not_declared,,,,,0,,0,,0,False,7.467017543859649,,
tdg-83781,Communauté d’Agglomération du Centre Littoral de Guyane,FR,397,11896,228,63.0,1.0,0.02589105581708137,0.1789636378426747,not_declared,,,,,0,,0,,0,False,11.441113471410869,,
tdg-83782,NEMUS (Réseau de transports de Flers Agglo),FR,122,2397,6,60.0,1.0,0.8289528577388402,0.9194182389937107,not_declared,,,,,0,,0,,0,False,5.641534391534391,,
tdg-83783,Transdev • Normandie,FR,119,954,20,60.0,60.0,0.9758909853249476,0.9888164026095061,not_declared,,,,,0,,0,,0,False,,,
tdg-83785,Communauté d'Agglomération Ventoux Comtat Venaissin,FR,264,4748,14,60.0,60.0,1.0,1.0,not_declared,,,,,0,,0,,0,False,7.314814814814815,,
tdg-83789,Durance Luberon Verdon Agglomération,FR,345,4544,30,120.0,60.0,0.9977992957746479,0.9990830735375023,not_declared,,,,,0,,0,,0,False,2.358267716535433,,
tdg-83793,Communauté d'Agglomération de la Région de Château-Thierry,FR,228,3500,8,60.0,60.0,1.0,1.0,not_declared,,,,,0,,0,,0,False,7.0588235294117645,,
tdg-83794,CHATEAUROUX METROPOLE,FR,392,9658,11,60.0,60.0,1.0,1.0,declared,0.7048659755300271,1.0,1.0,distance,0,,0,,0,False,2.17989417989418,,
tdg-83807,Syndicat Intercommunal des Transports urbains de l’Agglomération du Calaisis,FR,727,17366,12,60.0,60.0,1.0,1.0,not_declared,,,,,0,,0,,0,False,5.9433916423712345,,
tdg-83821,Syndicat intercommunal des Transports Urbains Soissonnais,FR,82,500,21,300.0,60.0,1.0,1.0,not_declared,,,,,0,,0,,0,False,,,
tdg-83836,Communauté d'Agglomération du Pays Ajaccien,FR,836,9709,21,60.0,60.0,1.0,1.0,not_declared,,,,,0,,0,,0,False,6.015620324376085,,
tdg-83839,ALEO,FR,264,6442,12,60.0,60.0,1.0,1.0,not_declared,,,,,0,,0,,0,False,0.6666666666666666,,
tdg-83842,Grand Bourg Agglomération,FR,646,15655,8,60.0,60.0,1.0,1.0,not_declared,,,,,0,,0,,0,False,5.742886492039035,,
tdg-83852,Communauté d'Agglomération Lunel Agglo,FR,90,904,15,120.0,60.0,0.9911504424778761,0.9934024505183789,not_declared,,,,,0,,0,,0,False,0.0,,
tdg-83853,Nouvelle-Aquitaine Mobilités,FR,90,913,12,180.0,60.0,1.0,1.0,not_declared,,,,,0,,0,,0,False,,,
tdg-83870,Nouvelle-Aquitaine Mobilités,FR,53,435,12,240.0,60.0,1.0,1.0,not_declared,,,,,0,,0,,0,False,,,
tdg-83881,Saint-Nazaire agglo - La CARENE,FR,1220,33457,174,73.0,1.0,0.300983351764952,0.5242552220066202,not_declared,,,,,0,,0,,0,False,4.592753361703539,,
tdg-83891,Communauté de Communes du Centre-Ouest,FR,66,1434,11,120.0,60.0,0.9693165969316597,0.9853333333333333,not_declared,,,,,0,,0,,0,False,7.714285714285714,,
tdg-83893,Agglomération Sud Sainte Baume,FR,84,1099,11,120.0,60.0,1.0,1.0,not_declared,,,,,0,,0,,0,False,,,
tdg-83915,PROVENCE-ALPES-AGGLOMERATION,FR,118,1661,11,60.0,60.0,0.9554485249849488,0.9792017987633502,not_declared,,,,,0,,0,,0,False,4.679245283018868,,
tdg-83931,Région Bourgogne-Franche-Comté,FR,1055,13215,38,180.0,60.0,1.0,1.0,not_declared,,,,,0,,0,,0,False,22.857142857142858,,
tdg-83962,Communauté d'Agglomération de Bastia,FR,525,9617,21,60.0,60.0,1.0,1.0,not_declared,,,,,0,,0,,0,False,9.351464435146443,,
tdg-83978,Communauté de communes de Millau Grands Causses,FR,77,1565,7,60.0,60.0,1.0,1.0,not_declared,,,,,0,,0,,0,False,,,
tdg-83988,Communauté d'Agglomération du Pays de Saint-Omer,FR,270,3932,46,120.0,1.0,0.9051373346897253,0.9293193717277487,not_declared,,,,,0,,0,,0,False,0.8333333333333334,,
tdg-83990,Région Provence-Alpes-Côte-d'Azur,MC,103,427,34,720.0,60.0,1.0,1.0,not_declared,,,,,0,,0,,1,False,,12.477707006369426,
tdg-84032,Oùra,FR,280,7040,10,60.0,60.0,1.0,1.0,not_declared,,,,,0,,0,,0,False,2.3076923076923075,,
tdg-84037,Réseau de transport en commun Le Havre Seine Métropole LiA,FR,1747,45648,278,64.0,1.0,0.07621363477041711,0.357020782782994,not_declared,,,,,0,,0,,1,True,9.841418810377355,4.796306818181819,True
tdg-84055,ARAVIS Bus,FR,193,2410,8,60.0,60.0,1.0,1.0,not_declared,,,,,0,,0,,0,False,,,
tdg-84078,Région Bourgogne-Franche-Comté,FR,463,5773,36,180.0,60.0,1.0,1.0,not_declared,,,,,0,,0,,0,False,3.0,,
tdg-84087,SPL D'UN POINT A L'AUTRE,FR,61,900,4,60.0,60.0,1.0,1.0,not_declared,,,,,0,,0,,0,False,1.0526315789473684,,
tdg-8487,Zenbus,FR,113,1353,6,60.0,60.0,1.0,1.0,not_declared,,,,,0,,0,,0,False,0.0,,
tdg-8597,Zenbus,FR,333,1551,9,180.0,60.0,1.0,1.0,not_declared,,,,,0,,0,,0,False,,,
tfs-135,CIT Le Richelain GTFS,CA,557,11260,215,40.0,1.0,0.05257548845470693,0.26191080646526194,declared,0.7685537784547686,1.0,0.03963884606914776,distance,8722,0.9129786746159138,0,,0,False,4.214408315160194,,
tfs-136,CIT Roussillon GTFS,CA,331,6024,208,44.0,1.0,0.027888446215139442,0.24343036978756885,declared,0.7655389457120377,1.0,0.01171634121274409,distance,4808,0.9875207986688852,0,,0,False,3.3097718253968256,,
tfs-224,Transport for Greater Manchester GTFS,UG,18472,695270,34,60.0,60.0,1.0,1.0,not_declared,,,,,0,,0,,1,True,8.816890455804353,0.0,True
tfs-237,Greater Sydney GTFS,AU,45382,1355303,797,60.0,1.0,0.7645176023368944,0.8450994622198172,not_declared,,,,,0,,0,,2,True,9.31534004387466,4.594220104895574,True
tfs-240,Ruter GTFS,NO,21039,489260,35,60.0,60.0,1.0,1.0,not_declared,,,,,0,,0,,2,True,0.6573342385242366,0.14224289224289224,True
tfs-28,BC Transit GTFS,CA,6410,163965,19,60.0,60.0,1.0,1.0,not_declared,,,,,0,,0,,0,False,4.681939597366348,,
tfs-284,ATOC GTFS,GB,1405,2804,60,660.0,60.0,0.9957203994293866,0.9976476123265114,not_declared,,,,,0,,0,,2,True,20.918650793650798,10.105810660533816,True
tfs-301,Unitrans GTFS Feed,US,356,225,8,240.0,60.0,1.0,1.0,not_declared,,,,,0,,0,,0,False,0.0,,
tfs-319,CT Transit New Britain GTFS,US,455,11713,154,38.0,1.0,0.025014940664219245,0.1988664366683095,not_declared,,,,,0,,0,,0,False,0.0,,
tfs-320,CT Transit Waterbury GTFS,US,820,15871,216,41.0,1.0,0.011593472370991115,0.2355161464262177,not_declared,,,,,0,,0,,0,False,2.060511756569848,,
tfs-321,CT Transit Stamford GTFS,US,906,25535,170,41.0,1.0,0.013902486782847072,0.20434174199160396,not_declared,,,,,0,,0,,0,False,2.916819504725877,,
tfs-322,CT Transit New Haven GTFS,US,1976,88379,258,31.0,1.0,0.016734744679165865,0.14563665541475293,not_declared,,,,,0,,0,,0,False,4.567667891530311,,
tfs-334,CATA GTFS,US,594,299,19,540.0,60.0,1.0,1.0,not_declared,,,,,0,,0,,0,False,,,
tfs-388,Torrance Transit GTFS,US,443,20929,275,57.0,1.0,0.03416312293946199,0.16947407823320232,declared,0.84409507767172,1.0,0.01607538802660754,distance,17750,0.1675492957746479,0,,0,False,9.45017006802721,,
tfs-41,Metro GTFS,NZ,1749,118252,325,49.0,1.0,0.013209078916212834,0.11351572070232747,declared,0.8864842792976725,1.0,0.0,stopcount,106379,0.03776121226933887,0,,0,False,6.189369448549136,,
tfs-410,ART GTFS,US,8752,18095,51,360.0,1.0,0.9510914617297596,0.9682646105710135,declared,0.9419301970425001,1.0,0.9663081303385005,stopcount,0,,0,,0,False,,,
tfs-413,RATP GTFS,FR,59581,1395023,53,120.0,60.0,1.0,1.0,not_declared,,,,,0,,0,,3,True,19.444180160409694,11.649523156163495,True
tfs-417,MAX GTFS,US,598,14779,17,60.0,60.0,1.0,1.0,declared,0.7912291537986411,1.0,1.0,distance,0,,0,,0,False,0.0,,
tfs-477,Ride Connection GTFS,US,144,889,30,300.0,60.0,0.8965129358830146,0.9370764762826719,declared,0.22555663117134558,0.995,0.7381974248927039,distance,61,1.0,0,,0,False,12.5,,
tfs-498,St Albert Transit GTFS,CA,1107,17012,29,60.0,60.0,1.0,1.0,not_declared,,,,,0,,0,,0,False,7.824440619621343,,
tfs-499,TCC GTFS,ES,3214,62010,15,120.0,60.0,1.0,1.0,not_declared,,,,,0,,0,,0,False,2.9093334868667697,,
tfs-519,iDBUS GTFS,FR,340,455,19,1800.0,300.0,1.0,1.0,not_declared,,,,,0,,0,,0,False,,,
tfs-54,Kolumbus GTFS,NO,5130,113018,22,60.0,60.0,1.0,1.0,not_declared,,,,,0,,0,,0,False,0.611630695443645,,
tfs-625,DAKK GTFS,HU,2623,45474,3,60.0,60.0,1.0,1.0,not_declared,,,,,0,,0,,1,True,0.6917954810549255,0.0,True
tfs-658,La Burundesa GTFS,ES,59,483,25,180.0,60.0,1.0,1.0,not_declared,,,,,0,,0,,0,False,,,
tfs-686,Central Fraser Valley GTFS,CA,712,15430,11,60.0,60.0,1.0,1.0,declared,0.8080469769464985,1.0,1.0,stopcount,0,,0,,0,False,0.5471124620060791,,
tfs-70,Mexico City GTFS,MX,636,26304,499,81.0,1.0,0.0166514598540146,0.041089788797743214,not_declared,,,,,0,,0,,0,False,,,
tfs-710,San Luis Obispo RTA GTFS,US,180,2923,60,92.0,60.0,0.9267875470407116,0.9581564584596726,declared,0.042753183747725895,1.0,0.02127659574468085,stopcount,138,0.0,0,,0,False,,,
tfs-739,ATAF GTFS,IT,7681,164060,12,60.0,60.0,1.0,1.0,not_declared,,,,,0,,0,,0,False,7.7696375913289595,,
tfs-749,Gold Country Stage GTFS,US,76,267,15,120.0,60.0,1.0,1.0,not_declared,,,,,0,,0,,0,False,,,
tfs-793,SBB CFF FFS GTFS,CH,121806,1632401,57,60.0,60.0,1.0,1.0,not_declared,,,,,0,,0,,2,True,2.7258628911630463,9.460638182786044,False
tfs-795,FlixBus GTFS,,2955,24107,61,1500.0,60.0,0.9941510764508235,0.9562848074735014,not_declared,,,,,0,,0,,0,False,,,
tfs-850,Metz GTFS,FR,2552,59379,335,74.0,1.0,0.03981205476683676,0.31401075390353783,not_declared,,,,,0,,0,,0,False,7.17267899614249,,
tfs-873,Carabus GTFS,FR,353,4702,20,120.0,60.0,1.0,1.0,not_declared,,,,,0,,0,,0,False,,,
tld-1039,KU on Wheels & Lawrence Transit System,US,1388,17027,8,60.0,60.0,1.0,1.0,declared,0.8060552670623146,1.0,1.0,distance,0,,0,,0,False,3.3286735291140577,,
tld-1048,"Vestfold Kollektivtrafikk, Bastø Fosen",NO,2116,61957,17,60.0,60.0,1.0,1.0,not_declared,,,,,0,,0,,0,False,0.8577728367611636,,
tld-1071,Zagrebački Električni Tramvaj,HR,8781,118594,67,70.0,10.0,0.3153279255274297,0.28941315014720315,not_declared,,,,,0,,0,,1,True,2.7297026413464773,4.988920404354489,False
tld-1162,Budaörs Város Önkormányzata,HU,92,2275,5,60.0,60.0,0.9964835164835165,0.9983100971694128,not_declared,,,,,0,,0,,0,False,2.5463917525773194,,
tld-1213_1,Sandusky Transit System,US,92,2566,12,120.0,60.0,0.9781761496492596,0.8893905191873589,declared,0.024078254326561323,0.8866615265998458,1.0,distance,0,,280,0.0,0,False,0.0,,
tld-1253,Los Angeles County Shuttles,US,404,12095,18,60.0,60.0,1.0,1.0,not_declared,,,,,0,,0,,0,False,0.13581488933601604,,
tld-1256,City of Santa Clarita Transit,US,398,15439,313,53.0,1.0,0.031025325474447828,0.19007638406666247,declared,0.8099236159333375,1.0,0.0,stopcount,12830,0.04388152766952455,0,,0,False,6.515843621399177,,
tld-1319,North Central Regional Transit District,US,235,3187,299,119.0,1.0,0.16159397552557264,0.4576271186440678,declared,0.548801870251315,1.0,0.011714589989350373,distance,1856,0.43157327586206895,0,,0,False,0.0,,
tld-1325,Park City Transit,US,903,11537,101,30.0,1.0,0.044638987605096644,0.3132636655948553,declared,0.7331189710610932,1.0,0.06326754385964913,distance,8541,0.553213909378293,0,,0,False,0.0,,
tld-1655,"Memphis Area Transit Authority, Trolly",US,707,63908,232,29.0,1.0,0.007025724478938474,0.09021125125744796,declared,0.9255900332740076,1.0,0.017071580249803535,distance,58786,1.0,0,,0,False,,,
tld-1660_1,Topeka Metro,US,384,7242,6,60.0,60.0,1.0,1.0,declared,0.7883709754925516,1.0,1.0,distance,0,,0,,0,False,0.6857142857142857,,
tld-170,Cascades East Transit,US,389,3944,30,60.0,60.0,1.0,1.0,declared,0.0021008403361344537,1.0,,distance,0,,0,,0,False,,,
tld-1716_1,Toledo Area Regional Transit Authority,US,716,34290,166,41.0,1.0,0.023972003499562553,0.12926355481917384,declared,0.893818202593841,0.998923863330643,0.0259516123877401,distance,30477,0.18568100534829543,0,,0,False,1.814044289044289,,
tld-1717,Western Reserve Transit Authority,US,704,20663,24,60.0,1.0,0.5098485215118811,0.7400196564796181,declared,0.8784106332194506,1.0,0.7040332463104054,distance,5555,0.046264626462646265,0,,0,False,0.0,,
tld-217,VIA Metropolitan Transit,US,5822,273931,476,42.0,1.0,0.011225454585278774,0.13077912794853466,declared,0.883734810578985,1.0,0.01642340932344936,distance,197769,0.2548377147075629,0,,0,False,5.796238352174973,,
tld-223,rabbittransit,US,792,14529,52,60.0,60.0,0.6704521990501755,0.8322563801318452,declared,0.8013184517981855,1.0,0.790665472020852,distance,2570,0.00894941634241245,0,,0,False,6.209875711290806,,
tld-2236,STAV Vigevano S.p.A.,IT,413,7654,16,60.0,60.0,1.0,1.0,not_declared,,,,,0,,0,,0,False,25.435594381637546,,
tld-2276,University of Georgia,US,162,70,4,240.0,60.0,1.0,1.0,declared,0.6188285801901258,1.0,,distance,0,,0,,0,False,,,
tld-235,Metropolitan Tulsa Transit Authority,US,678,26275,23,60.0,60.0,0.6570504281636537,0.8287018142692836,declared,0.8370867806923162,1.0,0.7953638861803032,distance,4617,0.030322720381199913,0,,0,False,0.6296851574212894,,
tld-319,Autoridad de Transporte Integrado,US,1844,46719,25,60.0,60.0,1.0,1.0,declared,0.8527246992215145,1.0,1.0,distance,0,,0,,1,True,8.563306051587302,11.201831501831501,False
tld-3363,"Dopravný podnik Bratislava, a.s.",SK,8799,144219,25,60.0,15.0,0.9324152850872631,0.9295386918570483,not_declared,,,,,0,,0,,1,True,0.0,0.0,False
tld-3364,Roosevelt Island Operating Corporation Tramway,US,149,2809,7,60.0,60.0,1.0,1.0,declared,0.9072356215213359,1.0,1.0,distance,0,,0,,0,False,0.0,,
tld-3368,Transport of Rockland,US,367,3609,15,300.0,60.0,1.0,1.0,declared,0.007424475166410651,1.0,1.0,distance,0,,0,,0,False,10.568181818181818,,
tld-3390,Jefferson Parish Transit,US,558,26141,140,33.0,1.0,0.010558127080065796,0.11588449005580734,declared,0.9118693584029365,1.0,0.030436211287275118,distance,23605,0.12501588646473205,0,,0,False,0.4542857142857143,,
tld-395,Wichita Transit,US,594,20794,201,50.0,1.0,0.01447532942194864,0.16041705629324854,declared,0.8512249859734431,1.0,0.013676809842908932,distance,17957,0.4221751963022777,0,,0,False,,,
tld-4056,"Strætó BS, Reykjanesbær, Akureyri",IS,2764,65322,40,60.0,60.0,1.0,1.0,not_declared,,,,,0,,0,,0,False,6.155875626796466,,
tld-4129,Gary Public Transportation Corporation,US,188,4111,13,120.0,60.0,1.0,1.0,declared,0.43745789355490683,1.0,1.0,distance,0,,0,,0,False,5.0,,
tld-4131,Clarksville Transit,US,168,13185,34,30.0,5.0,0.2844899507015548,0.27162435407773533,declared,0.8180933123642627,0.5117332235487855,0.2182350787257415,distance,8491,0.062183488399481804,1072,0.05223880597014925,0,False,0.0,,
tld-4134,Freedom Transit,US,72,1322,261,103.0,1.0,0.039334341906202726,0.2582496413199426,declared,0.7560975609756098,1.0,0.018975332068311195,distance,1034,1.0,0,,0,False,6.0000000000000036,,
tld-4135,High Point Transit,US,336,4243,5,60.0,60.0,1.0,1.0,declared,0.8714013799666904,1.0,1.0,distance,0,,0,,0,False,0.0,,
tld-4136,Madison County Transit,US,927,20878,21,60.0,60.0,1.0,1.0,not_declared,,,,,0,,0,,0,False,0.3448275862068966,,
tld-4273,Flint Hills Area Transportation Agency,US,155,2146,17,120.0,5.0,0.9827586206896551,0.9845961698584513,declared,0.4916736053288926,0.9762489762489762,0.9932260795935648,distance,0,,0,,0,False,0.0,,
tld-4298,Capital Area Transit,US,598,23977,53,59.0,1.0,0.3658089001960212,0.6380467955239064,declared,0.7986164801627671,1.0,0.5467746866401711,distance,8877,0.04539822011940971,0,,0,False,3.8909985935302394,,
tld-4315,Vamus Transportes do Algarve,PT,656,20465,336,60.0,1.0,0.15274859516247252,0.288277625224884,declared,0.7955686014581953,0.9703566465956461,0.11300880742680314,distance,14905,0.5014424689701442,113,0.34513274336283184,0,False,0.0,,
tld-4316,A Onda - Mobilidade Urbana,PT,212,6130,180,61.0,1.0,0.0936378466557912,0.3133081046988332,declared,0.7100283822138127,0.9222403480152257,0.06462358427714857,distance,4212,0.9085944919278253,143,0.23776223776223776,0,False,2.4413654618473895,,
tld-4317,Vai e Vem - Circuito Urbano,PT,425,11640,7,60.0,30.0,0.7960481099656357,0.8890178201409035,declared,0.6237878159966846,0.9165014320334876,0.8724422003720436,distance,960,0.11041666666666666,379,0.002638522427440633,0,False,0.0,,
tld-4318,Apanha-me! - Transportes Urbanos,PT,80,1977,8,60.0,30.0,0.7673242286292362,0.8410306271268838,declared,0.8760330578512396,1.0,0.818534961154273,distance,327,0.07339449541284404,0,,0,False,0.0,,
tld-4319,Circuito Olhão,PT,75,1779,8,90.0,30.0,0.8650927487352446,0.9056094929881338,declared,0.6089536138079827,0.9586206896551724,0.8715677590788308,distance,145,0.013793103448275862,30,0.0,0,False,0.0,,
tld-4320,GIRO - Transportes Urbanos,PT,287,8246,11,90.0,30.0,0.511520737327189,0.5713113793507559,declared,0.738778858549162,0.7043517272319426,0.524270304568528,distance,2999,0.06335445148382794,633,0.0,0,False,0.11538461538461539,,
tld-4321,Próximo - Transportes Urbanos de Faro,PT,332,7717,12,60.0,30.0,0.5264999352079823,0.5500062119517952,declared,0.7793514722325755,0.6272522522522522,0.5281364578351666,distance,2960,0.10135135135135136,650,0.004615384615384616,0,False,0.5428905206942594,,
tld-4327,LAX Flyaway,US,208,1664,6,240.0,60.0,1.0,1.0,not_declared,,,,,0,,0,,0,False,0.0,,
tld-4385,Housatonic Area Regional Transit,US,364,164,11,180.0,60.0,1.0,1.0,declared,0.8208706336668422,1.0,,stopcount,0,,0,,0,False,,,
tld-4459,Eastern Panhandle Transit Authority,US,117,1187,24,240.0,60.0,1.0,1.0,not_declared,,,,,0,,0,,0,False,,,
tld-4462,Harvard University,US,135,1183,8,120.0,60.0,1.0,1.0,not_declared,,,,,0,,0,,0,False,,,
tld-4465,Mercy College,US,114,96,23,2400.0,120.0,1.0,1.0,not_declared,,,,,0,,0,,0,False,,,
tld-4469,North Fork Area Transit,US,96,1488,7,60.0,30.0,0.7258064516129032,0.5211267605633803,declared,0.19318181818181818,0.5211267605633803,,stopcount,0,,720,0.5,0,False,0.0,,
tld-4470,Ozark Regional Transit,US,278,24,2,900.0,,1.0,1.0,declared,0.8447774889126778,1.0,,distance,0,,0,,0,False,,,
tld-4472,University of Chicago,US,480,524,5,60.0,60.0,1.0,1.0,declared,0.8278991596638655,1.0,1.0,distance,0,,0,,0,False,,,
tld-4473,University of Connecticut (UCONN / WRTD),US,251,5805,16,60.0,60.0,1.0,1.0,declared,0.025624599615631006,1.0,,distance,0,,0,,0,False,,,
tld-4477,"Lietuvos transporto saugos administracija, Lazdijų r. sav., Utenos r. sav., Šalčininkų rajono savivaldybės administracija, Širvintų r. sav., Šiaulių r. sav., Jurbarko r. sav., Alytaus r. sav., Vilniaus r. sav., Ignalinos r. sav., Neringos sav., Akcinė bendrovė ""SMILTYNĖS PERKĖLA"", UAB ""Joniškio autobusų parkas"", Rokiškio r. sav., Uždaroji akcinė bendrovė ""UKMERGĖS AUTOBUSŲ PARKAS"", Anykščių r. sav., Kaišiadorių r. sav., Kauno m. sav., Marijampolės savivaldybės administracija, Mažeikių r. sav., Molėtų r. sav., Pakruojo r. sav., Biržų r. sav., Jonavos r. sav., Klaipėdos r. sav., Kretingos r. sav., Kupiškio r. sav., Šiaulių m. sav., Šilutės r. sav., Kelmės r. sav., Plungės r. sav., Švenčionių r. sav., Ukmergės r. sav., Varėnos r. sav., Zarasų r. sav., Vilniaus m. sav., Akmenės r. sav., Alytaus m. sav., Pasvalio r. sav., Uždaroji akcinė bendrovė Kuršėnų autobusų parkas, UŽDAROJI AKCINĖ BENDROVĖ ""EMTRA"", Uždaroji akcinė bendrovė Širvintų autobusų parkas",LT,19476,399133,43,120.0,60.0,0.9999724402642728,0.9999835147884123,not_declared,,,,,0,,0,,0,False,,,
tld-4506,Martin County Public Transit,US,152,1687,35,180.0,30.0,0.8778897451096621,0.9439912996193583,declared,0.05600870038064165,1.0,0.0,distance,103,1.0,0,,0,False,1.1111111111111112,,
tld-4534,Ashbourne Connect,IE,86,533,13,120.0,60.0,1.0,1.0,not_declared,,,,,0,,0,,0,False,8.333333333333334,,
tld-4548,River Valley Transit,US,467,18843,44,1.0,1.0,0.1419625325054397,0.45183842568617294,declared,0.8859140341791818,1.0,0.3812474425673701,distance,10568,0.017884178652535956,0,,0,False,4.4970344009489915,,
tld-4551,Area Transit Authority,US,255,1986,279,142.5,1.0,0.07754279959718026,0.4323962516733601,declared,0.5841142347166444,1.0,0.02826585179526356,distance,1272,0.8679245283018868,0,,0,False,0.0,,
tld-4553,County of Lackawanna Transit System,US,419,19768,231,25.0,1.0,0.07193443949817888,0.2440184277009957,declared,0.8681824936840541,1.0,0.12923656282095172,distance,15261,0.1791494659589804,0,,0,False,7.083333333333334,,
tld-4555,Luzerne County Transportation Authority,US,508,11161,27,60.0,1.0,0.6184033688737568,0.8068386322735452,declared,0.7976690376210472,1.0,0.7578427159432746,distance,2254,0.03149955634427684,0,,0,False,0.0,,
tld-461,SunLine Transit Agency,US,494,15056,270,80.0,1.0,0.0219845908607864,0.12636655948553055,declared,0.8947266881028939,0.9993891264508247,0.023646948896715304,distance,13584,0.16725559481743227,1,1.0,0,False,11.47566988210075,,
tld-4659,Butler Transit Authority,US,55,2060,149,53.0,1.0,0.2058252427184466,0.440661938534279,declared,0.5631205673758866,1.0,0.006717044500419815,distance,1183,1.0,0,,0,False,,,
tld-4661,Indiana County Transit Authority,US,154,3214,244,60.0,1.0,0.12103298070939639,0.42191211401425177,declared,0.5914489311163895,1.0,0.022590361445783132,distance,1947,0.9948638931689779,0,,0,False,,,
tld-4665,Hazleton Public Transit,US,138,1196,109,213.0,1.0,0.2842809364548495,0.6529235382308846,declared,0.35007496251874065,1.0,0.008565310492505354,distance,463,1.0,0,,0,False,,,
tld-4668,Cooperative Alliance For Seacoast Transportation,US,281,38,4,60.0,60.0,1.0,1.0,declared,0.8428057553956835,1.0,1.0,distance,0,,0,,0,False,,,
tld-4669,Altoona Metro Transit,US,323,8610,167,42.0,1.0,0.007549361207897794,0.16668532407925668,declared,0.8399193999776111,1.0,0.007863521258163402,distance,7444,0.9951638903815153,0,,0,False,0.20370370370370494,,
tld-4671,Cambria County Transit Authority,US,560,7575,281,73.0,1.0,0.15775577557755777,0.3851259987707437,declared,0.6313460356484327,1.0,0.026090342679127725,distance,5002,0.3012794882047181,0,,0,False,2.3412979351032455,,
tld-4674,Crawford Area Transportation Authority,US,199,3583,28,60.0,1.0,0.505442366731789,0.7310946589106293,declared,0.7046536224219989,1.0,0.6183864915572233,distance,1017,0.018682399213372666,0,,0,False,,,
tld-4683,Orillia Transit,CA,198,3944,6,60.0,60.0,1.0,1.0,declared,0.8208363903154806,1.0,1.0,distance,0,,0,,0,False,0.0,,
tld-4688,Schuylkill Transportation System,US,115,2571,202,33.0,1.0,0.023337222870478413,0.21779597915115415,declared,0.7948622486969471,1.0,0.01592505854800937,distance,2101,1.0,0,,0,False,,,
tld-4690,Regional Municipality of Wood Buffalo Transit,CA,476,8779,126,53.0,1.0,0.064699851919353,0.2894107866569677,declared,0.2791229346357685,0.37235116044399597,0.07520476545048399,distance,2484,0.04508856682769726,4015,0.13599003735990037,0,False,0.0,,
tld-4700,North Bay Transit,CA,216,6619,6,60.0,60.0,1.0,1.0,declared,0.809369548965861,1.0,1.0,distance,0,,0,,0,False,0.0,,
tld-4708,Yellowknife Transit,CA,95,1542,8,60.0,60.0,1.0,1.0,declared,0.4929503916449086,1.0,1.0,distance,0,,0,,0,False,6.298701298701299,,
tld-4728,Lexpress,US,95,71,3,120.0,60.0,1.0,1.0,not_declared,,,,,0,,0,,0,False,,,
tld-4732,Lindsay Transit,CA,60,2445,4,60.0,60.0,1.0,1.0,declared,0.8360655737704918,1.0,1.0,distance,0,,0,,0,False,,,
tld-4738,Sarnia Transit,CA,287,6914,8,60.0,60.0,1.0,1.0,declared,0.7977873386601106,1.0,1.0,distance,0,,0,,0,False,0.0,,
tld-4740,Sault Ste. Marie Transit,CA,213,13357,7,60.0,60.0,1.0,1.0,declared,0.8885250502876924,1.0,1.0,distance,0,,0,,0,False,0.01071428571428573,,
tld-4742,Simcoe County LINX,CA,163,1879,20,120.0,60.0,0.902075572112826,0.9552311435523114,declared,0.8413625304136253,1.0,0.94679005205321,distance,92,0.0,0,,0,False,0.0,,
tld-4744,Stratford Transit,CA,247,9658,37,36.0,1.0,0.0765168772002485,0.25724381625441695,declared,0.8395759717314487,1.0,0.11531986531986532,distance,7357,0.0801957319559603,0,,0,False,0.0,,
tld-4746,Railway City Transit,CA,74,2019,18,60.0,5.0,0.24962852897473997,0.5138954309938766,declared,0.6603862458784738,1.0,0.26390870185449355,distance,1032,0.08624031007751938,0,,0,False,5.2,,
tld-4750,Timmins Transit,CA,190,5580,8,60.0,60.0,1.0,1.0,declared,0.7924080664294187,1.0,1.0,distance,0,,0,,0,False,0.3468208092485549,,
tld-4756,Biddeford Saco Old Orchard Beach Transit,US,202,2415,19,60.0,60.0,1.0,1.0,declared,0.6692426584234931,1.0,1.0,distance,0,,0,,0,False,,,
tld-4771,Centre County Transit Authority,US,1157,20025,20,60.0,1.0,0.5814731585518103,0.7826456425266736,declared,0.7401567368520442,1.0,0.7063400943997958,distance,4604,0.03453518679409209,0,,0,False,0.5384615384615384,,
tld-4777,Athens Clarke County Transit,US,682,14026,251,45.0,1.0,0.014473121346071581,0.18826488985586076,declared,0.8224095730214849,1.0,0.012979497354497355,distance,11939,0.9814892369545188,0,,0,False,10.365450643776825,,
tld-4820,Brandon Transit,CA,218,6575,98,40.0,1.0,0.01931558935361217,0.22228764905049314,declared,0.7863977624024732,1.0,0.011044552602021715,distance,5283,0.8654173764906303,0,,0,False,0.0,,
tld-4821,Grande Prairie Transit,CA,314,4001,114,64.0,1.0,0.019745063734066485,0.25422943221320976,not_declared,,,,,0,,0,,0,False,0.0,,
tld-4831,Muskegon Area Transit System,US,154,3817,118,54.0,1.0,0.023054755043227664,0.28254847645429365,declared,0.7174515235457064,1.0,0.0,stopcount,2849,0.07335907335907337,0,,0,False,,,
tld-4833,"Ente Autonomo Volturno  S.r.l., Prova",IT,3074,115180,479,54.0,1.0,0.081620072929328,0.29167230415370043,not_declared,,,,,0,,0,,0,False,6.125036978357291,,
tld-4834_1,Bobcat Transit,US,288,1366,14,180.0,60.0,1.0,1.0,declared,0.4937462775461584,1.0,1.0,distance,0,,0,,0,False,1.5555555555555556,,
tld-490,Greenlink,US,539,9764,211,61.0,1.0,0.022634166325276525,0.21372415801222944,declared,0.8002523536833932,1.0,0.017465130382049728,distance,8101,0.9790149364276015,0,,0,False,7.966804979253112,,
tld-5503,Mid Mon Valley Transit Authority,US,83,4689,180,49.0,1.0,0.06461932181701856,0.2713178294573643,declared,0.7360150848522942,1.0,0.009962994591517222,distance,3478,1.0,0,,0,False,,,
tld-5528,Koskilinjat Oy,FI,311,8408,10,60.0,60.0,0.9992863939105614,0.9994784604151455,declared,0.9121727339105038,1.0,0.9994282447112636,distance,5,0.0,0,,0,False,3.1782945736434107,,
tld-5529,"J. Vainion Liikenne Oy, LS-Liikennelinjat Oy, Salon Tilausmatkat Oy",FI,400,12204,187,45.0,1.0,0.04416584726319239,0.06275785464931767,declared,0.980244366867661,0.4578313253012048,0.05479562929987859,distance,390,0.09487179487179487,6,0.0,0,False,0.1626984126984127,,
tld-5531,Lebanon Transit,US,138,1797,250,127.0,1.0,0.10517529215358931,0.4439276485788114,declared,0.5581395348837209,1.0,0.003703703703703704,distance,1076,0.9934944237918215,0,,0,False,0.0,,
tld-5537,NMDOT Park and Ride,US,109,386,36,600.0,60.0,1.0,1.0,declared,0.4183406113537118,1.0,,stopcount,0,,0,,0,False,,,
tld-5547,Imperial Valley Transit,US,136,2140,24,120.0,60.0,1.0,1.0,not_declared,,,,,0,,0,,0,False,6.25,,
tld-5551,Connect Douglas,US,71,1943,15,120.0,60.0,1.0,1.0,declared,0.006517690875232775,1.0,1.0,distance,0,,0,,0,False,,,
tld-5552,Chatham Kent Transit (Ride CK),CA,145,5644,133,36.0,1.0,0.031892274982282066,0.2204180342027984,not_declared,,,,,0,,0,,0,False,0.0,,
tld-5576,"Catherine Madigan, Kelly Travel, Donal Harrington Coach Service, Farragher International Travel Services, Burkesbus, Collins Coaches, Halpenny Transport, McGonagle Bus & Coach Hire, Tralee Peoples Bus Service, Flight Link Limited, Keelings Retail UC, Eugene Deffely, Island Ferries Teoranta, St.Kevin's Bus Service, Treacy Coaches, Pat Naughton, Dave Long Coach Travel Limited, Finnegan-Bray Ltd, Joseph Foley, Mangan Tours, McGeehan Coaches, Michael Gray Coach Hire, John Paul Healy, Galway Bus Ltd, Barrys Coaches, Bus4u, Dunnes Coaches, K. Buggy Coaches Llimited, Matthew Whelan Mini Bus Hire, Patrick Gallagher Travel, Gleneagle Hotel (Killarney) Ltd, James Carolan, Flagline Coaches, National Express, Bus Feda Teoranta, Michael Kilbride, Doherty's Coach Travel, Mc Ginley Coach Travel, Martin Leydon Coaches, McConnon Travel, Joe Moroney Coach Hire Ltd, Gorey Coach & Bus Co. Ltd., Ardcavan Coach Tours, Kennedy Coaches, Martin Callinan, Michael Moran, Patrick Slevin & Sons (Coach Hire), Streamline Coaches, Barrett Travel, Eamon McEntee, Caroline O'Donoghue, Seamus O'Reilly, Royal Breffni Tours Ltd, TU Dublin Blancahrdstown, Patrick Keenan, Hallahans Bus and Coach Hire, Francis Finegan Coach Hire, Blueline Coaches Ltd, Allen's Bus Hire, McCaffrey Coaches Limited, MCD Minibus Hire, Walsh's Executive Travel, Andrew Wharton, City Direct, Lally Tours, Piltown Coaches, Michael O'Reilly",IE,1280,12207,44,180.0,60.0,1.0,1.0,not_declared,,,,,0,,0,,0,False,55.472744360902254,,
tld-5579,Twin Transit,US,108,1554,16,120.0,60.0,1.0,1.0,declared,0.6347237880496054,1.0,1.0,distance,0,,0,,0,False,0.0,,
tld-5630,Saint Jean Sur Richelieu,CA,255,6244,13,60.0,60.0,1.0,1.0,not_declared,,,,,0,,0,,0,False,7.061797752808989,,
tld-5721,Orléans Express,CA,93,366,20,1200.0,60.0,1.0,1.0,not_declared,,,,,0,,0,,0,False,,,
tld-5741,"Coach USA Erie, Orange Westchester Link, ShortLine Hudson, Suburban Transit, Community Coach, Rockland Coaches, Newark Airport Express, Wisconsin Coach Lines, Van Galder (Coach USA), Coach Suburban Transit Corporation, Coach Community Coach, Coach Hudson Transit Lines, Coach Newark Express, Waukesha County Transit",CA,239,2151,52,240.0,60.0,1.0,1.0,declared,0.09006099748833872,1.0,1.0,distance,0,,0,,0,False,15.714285714285714,,
tld-5748,Port Arthur Transit,US,136,4917,100,39.0,1.0,0.013829570876550743,0.15099940629329112,declared,0.8654264793192163,1.0,0.01898010519094443,distance,4290,0.9808857808857809,0,,0,False,0.0,,
tld-5753,SMART,US,70,1000,14,180.0,60.0,1.0,1.0,declared,0.0036900369003690036,1.0,1.0,distance,0,,0,,0,False,,,
tld-5757,"Steamboat Springs Transit, Yellow Zone",US,214,5322,104,58.0,1.0,0.2664411875234874,0.5842960288808664,declared,0.8496389891696751,1.0,0.5107287019332909,distance,855,1.0,0,,0,False,0.013698630136986252,,
tld-576,CTM SpA Cagliari,IT,4411,137477,250,57.0,1.0,0.035976927049615574,0.21203101691575896,not_declared,,,,,0,,0,,0,False,4.062107115435518,,
tld-5762,Valley Express,US,59,646,78,66.0,1.0,0.24458204334365324,0.4695035460992908,declared,0.5347517730496454,1.0,0.007957559681697613,distance,374,0.8770053475935828,0,,0,False,,,
tld-5769,Kanawha Valley Regional Transportation Authority,US,504,12187,11,60.0,60.0,1.0,1.0,declared,0.8508053868497492,1.0,1.0,distance,0,,0,,0,False,0.7777777777777778,,
tld-5772,EMEL (Limassol),CY,1258,32222,31,60.0,60.0,1.0,1.0,not_declared,,,,,0,,0,,0,False,7.281569691928258,,
tld-5780,Augusta Transit,US,233,9061,138,43.0,1.0,0.018430636795055733,0.1335270066709705,declared,0.8850871530019367,1.0,0.021030877704838316,distance,8053,0.8229231342356885,0,,0,False,0.20849933598937587,,
tld-5781,Adirondack Trailways,US,59,589,38,780.0,60.0,1.0,1.0,not_declared,,,,,0,,0,,0,False,,,
tld-5862,"VOLÁNBUSZ - Balatonfűzfő, VOLÁNBUSZ - Balmazújváros, VOLÁNBUSZ - Dunaújváros, VOLÁNBUSZ - Baja, VOLÁNBUSZ - Mezőtúr, VOLÁNBUSZ - Mórahalom, VOLÁNBUSZ - Mosonmagyaróvár, VOLÁNBUSZ - Karcag, VOLÁNBUSZ - Gyula, VOLÁNBUSZ - Csongrád, VOLÁNBUSZ - Hajdúszoboszló, VOLÁNBUSZ - Gyöngyös, VOLÁNBUSZ - Komárom, VOLÁNBUSZ - Siklós, VOLÁNBUSZ - Bonyhád, VOLÁNBUSZ - Ajka, VOLÁNBUSZ - Kazincbarcika, VOLÁNBUSZ - Makó, VOLÁNBUSZ - Sopron, VOLÁNBUSZ - Bátaszék, VOLÁNBUSZ - Békés, VOLÁNBUSZ - Várpalota, VOLÁNBUSZ - Lenti, VOLÁNBUSZ - Körmend, VOLÁNBUSZ - Balassagyarmat, VOLÁNBUSZ - Szentes, VOLÁNBUSZ - Ózd, VOLÁNBUSZ - Fonyód, VOLÁNBUSZ - Székesfehérvár, VOLÁNBUSZ - Békéscsaba, VOLÁNBUSZ - Újszász, VOLÁNBUSZ - Nyíregyháza, VOLÁNBUSZ - Siófok, VOLÁNBUSZ - Nagyatád, VOLÁNBUSZ - Jászberény, VOLÁNBUSZ - Keszthely, VOLÁNBUSZ - Mezőberény, VOLÁNBUSZ - Tata, VOLÁNBUSZ - Eger, VOLÁNBUSZ - Balatonfüred, VOLÁNBUSZ - Csurgó, VOLÁNBUSZ - Szekszárd, VOLÁNBUSZ - Orosháza, VOLÁNBUSZ - Ercsi, VOLÁNBUSZ - Mohács, VOLÁNBUSZ - Vác, VOLÁNBUSZ - Esztergom, VOLÁNBUSZ - Győr, VOLÁNBUSZ - Salgótarján, VOLÁNBUSZ - Komló, VOLÁNBUSZ - Szigetvár, VOLÁNBUSZ - Szolnok, VOLÁNBUSZ - Tiszaújváros, VOLÁNBUSZ - Tiszafüred, VOLÁNBUSZ - Oroszlány, VOLÁNBUSZ - Nagykanizsa, VOLÁNBUSZ - Érd, VOLÁNBUSZ - Pápa, VOLÁNBUSZ - Zalaegerszeg, VOLÁNBUSZ - Gödöllő, VOLÁNBUSZ - Szeged, VOLÁNBUSZ - Bátonyterenye",HU,10715,197036,12,60.0,60.0,1.0,1.0,not_declared,,,,,0,,0,,0,False,3.1874482187241093,,
tld-5863,Rochester Institute of Technology,US,320,2225,12,180.0,60.0,1.0,1.0,declared,0.0007849293563579278,1.0,,distance,0,,0,,0,False,0.0,,
tld-5864,Concho Valley Transit District,US,83,793,7,120.0,60.0,1.0,1.0,declared,0.552896725440806,1.0,1.0,distance,0,,0,,0,False,,,
tld-5873,Macatawa Area Express,US,112,3906,8,60.0,60.0,1.0,1.0,declared,0.8098159509202454,1.0,1.0,distance,0,,0,,0,False,0.0,,
tld-5878,"Jefferson Lines - Minneapolis, MN",US,120,565,15,1800.0,300.0,1.0,1.0,not_declared,,,,,0,,0,,0,False,,,
tld-5893,Billings Metropolitan Transit,US,421,7925,4,60.0,60.0,1.0,1.0,not_declared,,,,,0,,0,,0,False,0.0,,
tld-5895,Skagit Transit,US,511,9637,237,55.0,1.0,0.018678011829407492,0.18476547102877414,declared,0.8300157666535278,1.0,0.017808381811706044,distance,8273,0.7524477215036867,0,,0,False,0.0,,
tld-6055,Koleje Małopolskie,PL,1262,54301,21,60.0,60.0,1.0,1.0,not_declared,,,,,0,,0,,0,False,9.169014084507042,,
tld-6064,Zarząd Transportu Miejskiego w Kielcach,PL,2743,77170,14,60.0,60.0,1.0,1.0,not_declared,,,,,0,,0,,0,False,5.903177728420447,,
tld-6078,Miejski Zakład Komunikacji w Gorzowie Wielkopolskim sp. z o.o.,PL,1221,22723,6,60.0,60.0,1.0,1.0,not_declared,,,,,0,,0,,1,True,1.6536263736263737,0.0,True
tld-6079,MPK-Łódź Sp. z o.o.,PL,6510,182910,12,60.0,60.0,1.0,1.0,not_declared,,,,,0,,0,,1,True,1.887841386554622,0.025041736227045076,True
tld-6095,Bis-Man Transit,US,176,901,12,300.0,60.0,1.0,1.0,not_declared,,,,,0,,0,,0,False,,,
tld-611,Swords Express,IE,118,2403,11,60.0,60.0,1.0,1.0,not_declared,,,,,0,,0,,0,False,5.803030303030303,,
tld-613,Slieve Bloom Coach Tours,IE,57,538,21,300.0,60.0,1.0,1.0,not_declared,,,,,0,,0,,0,False,,,
tld-616,Wexford Bus,IE,157,2656,30,120.0,60.0,1.0,1.0,not_declared,,,,,0,,0,,0,False,6.851851851851852,,
tld-617,Matthews Coach Hire,IE,123,1459,19,180.0,60.0,1.0,1.0,not_declared,,,,,0,,0,,0,False,0.0,,
tld-620,J.J Kavanagh & Sons,IE,218,3664,28,120.0,60.0,1.0,1.0,not_declared,,,,,0,,0,,0,False,20.0,,
tld-626,Dublin Coach,IE,206,2020,17,300.0,60.0,1.0,1.0,not_declared,,,,,0,,0,,0,False,3.2,,
tld-637,Citylink,IE,254,1252,23,480.0,60.0,1.0,1.0,not_declared,,,,,0,,0,,0,False,,,
tld-641,"TFI Local Link Mayo, TFI Local Link Kerry, TFI Local Link Cork, TFI Local Link Galway, TFI Local Link Longford Westmeath Roscommon, TFI Local Link Cavan Monaghan, TFI Local Link Tipperary, TFI Local Link Waterford, TFI Local Link Louth Meath Fingal, TFI Local Link Carlow Kilkenny Wicklow, TFI Local Link Limerick Clare, TFI Local Link Donegal Sligo Leitrim, TFI Local Link Wexford, TFI Local Link Kildare South Dublin, TFI Local Link Laois Offaly",GB,1652,21246,31,240.0,60.0,1.0,1.0,declared,0.0002160853969488742,1.0,1.0,stopcount,0,,0,,0,False,,,
tld-650,"Conda, INTER-ARRIAGA  S.L., La Burundesa",ES,287,1813,47,300.0,60.0,1.0,1.0,not_declared,,,,,0,,0,,0,False,,,
tld-6670,Reno County Area Transit,US,72,54,4,300.0,60.0,1.0,1.0,declared,0.7142857142857143,1.0,1.0,distance,0,,0,,0,False,,,
tld-6675,Bryce Canyon National Park Shuttle,US,67,737,6,120.0,60.0,1.0,1.0,declared,0.125,1.0,,stopcount,0,,0,,0,False,,,
tld-6684,Bermuda Department of Public Transportation,BM,611,18752,15,60.0,60.0,1.0,1.0,declared,0.8925672961028526,1.0,1.0,distance,0,,0,,0,False,1.476646073660999,,
tld-6694,Ville de Saint-Hyacinthe,CA,160,3428,98,60.0,1.0,0.4127771295215869,0.5590571355367666,not_declared,,,,,0,,0,,0,False,,,
tld-6711,Ville de Drummondville,CA,129,321,14,120.0,60.0,1.0,1.0,not_declared,,,,,0,,0,,0,False,,,
tld-6712,Société de transport de Trois-Rivières,CA,805,28061,150,35.0,1.0,0.00883788888492926,0.19001593570290307,declared,0.824741910898635,1.0,0.017893896753055825,distance,23381,0.8592019160857106,0,,0,False,3.1239984882842027,,
tld-6713,New River Transit Authority,US,70,541,19,300.0,60.0,1.0,1.0,declared,0.06367583212735166,1.0,,distance,0,,0,,0,False,,,
tld-6738,Waikato Regional Council,NZ,1109,41228,450,55.0,1.0,0.03415154749199573,0.21083697320269154,declared,0.9095502301971432,1.0,0.13235904890457897,distance,33425,0.19739715781600597,0,,0,False,11.068886046815013,,
tld-674,Kalamazoo Metro Transit,US,808,16545,185,53.0,1.0,0.021517074644907826,0.17674177375669914,declared,0.8365124186019708,1.0,0.015844585285202537,distance,14286,0.13551728965420692,0,,0,False,,,
tld-6740,Mississippi Coast Transportation Authority,US,237,150,8,120.0,60.0,0.94,0.9887218045112782,declared,0.8036404438349333,0.9885714285714285,1.0,stopcount,0,,9,0.0,0,False,0.0,,
tld-6767,Prasarana Malaysia,MY,1184,47132,515,59.0,1.0,0.014554867181532717,0.09139418254764294,not_declared,,,,,0,,0,,0,False,18.633333333333336,,
tld-6768,Prasarana Malaysia,MY,140,5476,316,55.0,1.0,0.00931336742147553,0.06356837606837606,not_declared,,,,,0,,0,,0,False,,,
tld-6769,Prasarana Malaysia,MY,3429,91553,506,70.0,1.0,0.014756479853199786,0.08906950790676128,not_declared,,,,,0,,0,,0,False,7.4375744732066575,,
tld-6773,City of Mobile,US,319,14850,168,34.0,1.0,0.019124579124579124,0.145032632342277,declared,0.8641967169885951,1.0,0.010679685712106186,distance,12969,1.0,0,,0,False,,,
tld-6775,City of Gatlinburg Trolley,US,424,12712,109,46.0,1.0,0.007866582756450597,0.06455542021924482,declared,0.9354445797807551,1.0,0.0,stopcount,12288,0.0,0,,0,False,0.0,,
tld-6777,Oneonta Public Transit,US,80,373,12,480.0,60.0,1.0,1.0,declared,0.026402640264026403,1.0,1.0,distance,0,,0,,0,False,0.0,,
tld-6782,Addis Ababa Transport (all),ET,877,7962,913,226.0,1.0,0.0146948003014318,0.20986536938567713,declared,0.8015612625862654,1.0,0.014255469301340862,stopcount,6984,0.00429553264604811,0,,0,False,,,
tld-6785,Westmoreland County Transit Authority,US,171,7109,314,50.0,1.0,0.02883668589112393,0.22953296703296702,declared,0.7835164835164835,1.0,0.016654978962131837,distance,5609,0.9991085755036548,0,,0,False,,,
tld-6861,Oman National Transport Company,OM,1098,27167,22,60.0,60.0,1.0,1.0,not_declared,,,,,0,,0,,0,False,21.148715041572185,,
tld-6883,Lake Erie Transit,US,89,487,10,360.0,60.0,1.0,1.0,declared,0.029513888888888888,1.0,1.0,distance,0,,0,,0,False,0.0,,
tld-6900,Acadia National Park,US,255,1684,17,300.0,60.0,1.0,1.0,declared,0.0030943785456420837,1.0,1.0,distance,0,,0,,0,False,0.0,,
tld-6904,National Park Service,US,87,403,9,420.0,120.0,1.0,1.0,not_declared,,,,,0,,0,,0,False,0.0,,
tld-6907,Sequoia & Kings Canyon National Parks,US,238,449,12,480.0,60.0,1.0,1.0,not_declared,,,,,0,,0,,0,False,,,
tld-6908,Glacier National Park,US,53,96,4,1800.0,900.0,1.0,1.0,not_declared,,,,,0,,0,,0,False,,,
tld-6949,Autolinee Toscane - AT Scolastico,IT,167,2393,12,60.0,60.0,1.0,1.0,not_declared,,,,,0,,0,,0,False,,,
tld-6950,Colbus R.t.i. - Non Scolastico,IT,389,6602,12,60.0,60.0,1.0,1.0,not_declared,,,,,0,,0,,0,False,,,
tld-6952,Autolinee Toscane - ExtraUrbano Arezzo,IT,847,20573,27,60.0,60.0,1.0,1.0,not_declared,,,,,0,,0,,0,False,7.186728395061728,,
tld-6953,Autolinee Toscane - ExtraUrbano Firenze,IT,1159,32393,33,60.0,60.0,1.0,1.0,not_declared,,,,,0,,0,,0,False,13.483216783216784,,
tld-6955,Autolinee Toscane - ExtraUrbano Siena,IT,895,21240,35,60.0,60.0,1.0,1.0,not_declared,,,,,0,,0,,0,False,6.688679245283019,,
tld-6957,Autolinee Toscane - Linee Regionali,IT,452,5178,45,60.0,60.0,1.0,1.0,not_declared,,,,,0,,0,,0,False,8.260317460317458,,
tld-6959,Autolinee Toscane - Urbano Area Metropolitana Fiorentina,IT,7490,161657,14,60.0,60.0,1.0,1.0,not_declared,,,,,0,,0,,0,False,6.8819080744260095,,
tld-6962,Autolinee Toscane - Emg Extraurbano Massa,IT,297,3847,16,60.0,60.0,1.0,1.0,not_declared,,,,,0,,0,,0,False,,,
tld-6963,Autolinee Toscane - Emg Extraurbano Pisa,IT,354,6713,14,60.0,60.0,1.0,1.0,not_declared,,,,,0,,0,,0,False,0.0,,
tld-6966,Autolinee Toscane - ExtraUrbano Massa Carrara,IT,296,6967,20,60.0,60.0,1.0,1.0,not_declared,,,,,0,,0,,0,False,,,
tld-6967,Autolinee Toscane - ExtraUrbano Pisa,IT,571,12764,16,60.0,60.0,1.0,1.0,not_declared,,,,,0,,0,,0,False,0.0,,
tld-6969,Autolinee Toscane - Urbano Livorno,IT,1169,30427,7,60.0,60.0,1.0,1.0,not_declared,,,,,0,,0,,0,False,0.6787320810677212,,
tld-6970,Autolinee Toscane - Urbano Pisa,IT,1983,33502,11,60.0,60.0,1.0,1.0,not_declared,,,,,0,,0,,0,False,0.0,,
tld-6971,AMITOUR di Amici Giuseppe,IT,187,1917,13,120.0,60.0,1.0,1.0,not_declared,,,,,0,,0,,0,False,,,
tld-6972,Autolinee Toscane - Servizi Area Poggibonsi,IT,131,1881,6,60.0,60.0,1.0,1.0,not_declared,,,,,0,,0,,0,False,2.857142857142857,,
tld-6973,Autolinee Toscane - Urbano Cecina,IT,92,1322,3,60.0,60.0,1.0,1.0,not_declared,,,,,0,,0,,0,False,0.0,,
tld-6974,Autolinee Toscane - Urbano Colle Valdelsa,IT,75,1671,6,60.0,60.0,1.0,1.0,not_declared,,,,,0,,0,,0,False,1.9047619047619047,,
tld-6975,Autolinee Toscane - Urbano Piombino,IT,99,2358,14,60.0,60.0,1.0,1.0,not_declared,,,,,0,,0,,0,False,,,
tld-6976,Autolinee Toscane - Urbano Rosignano Marittimo,IT,141,2785,5,60.0,60.0,1.0,1.0,not_declared,,,,,0,,0,,0,False,,,
tld-6977,Autolinee Toscane - Urbano San Gimignano,IT,92,1116,5,60.0,60.0,1.0,1.0,not_declared,,,,,0,,0,,0,False,,,
tld-6978,Autolinee Toscane - Urbano Portoferraio,IT,202,1772,5,60.0,60.0,1.0,1.0,not_declared,,,,,0,,0,,0,False,0.0,,
tld-6979,Autolinee Toscane - Urbano Grosseto,IT,264,5223,6,60.0,60.0,1.0,1.0,not_declared,,,,,0,,0,,0,False,0.0,,
tld-6983,Autolinee Toscane - Debole Extraurbano Pistoia,IT,99,1530,10,60.0,60.0,1.0,1.0,not_declared,,,,,0,,0,,0,False,0.0,,
tld-6984,Autolinee Toscane - Debole Extraurbano Prato,IT,181,2283,10,60.0,60.0,1.0,1.0,not_declared,,,,,0,,0,,0,False,1.1764705882352942,,
tld-6985,Autolinee Toscane - Debole Urbano Pisa,IT,282,3965,5,60.0,60.0,1.0,1.0,not_declared,,,,,0,,0,,0,False,0.0,,
tld-6986,Autolinee Toscane - Emg Extraurbano Lucca,IT,619,8295,18,60.0,60.0,1.0,1.0,not_declared,,,,,0,,0,,0,False,,,
tld-6987,Autolinee Toscane - ExtraUrbano Lucca,IT,1369,28063,21,60.0,60.0,1.0,1.0,not_declared,,,,,0,,0,,0,False,2.6363636363636362,,
tld-6988,Autolinee Toscane - ExtraUrbano Pistoia,IT,809,20793,18,60.0,60.0,1.0,1.0,not_declared,,,,,0,,0,,0,False,0.0,,
tld-6989,Autolinee Toscane - ExtraUrbano Prato,IT,497,14277,10,60.0,60.0,1.0,1.0,not_declared,,,,,0,,0,,0,False,5.07733619763695,,
tld-6990,Autolinee Toscane - Urbano Empoli,IT,111,2569,8,60.0,60.0,1.0,1.0,not_declared,,,,,0,,0,,0,False,3.75,,
tld-6991,Autolinee Toscane - Urbano Lucca,IT,791,15361,9,60.0,60.0,1.0,1.0,not_declared,,,,,0,,0,,0,False,0.32967032967032966,,
tld-6992,Autolinee Toscane - Urbano Massa,IT,311,5859,8,60.0,60.0,1.0,1.0,not_declared,,,,,0,,0,,0,False,0.0,,
tld-6993,Autolinee Toscane - Urbano Pistoia,IT,683,12695,5,60.0,60.0,1.0,1.0,not_declared,,,,,0,,0,,0,False,0.0,,
tld-6994,Autolinee Toscane - Urbano Viareggio,IT,273,5342,5,60.0,60.0,1.0,1.0,not_declared,,,,,0,,0,,0,False,0.0,,
tld-6995,Autolinee Toscane - Urbano Carrara,IT,440,8008,9,60.0,60.0,1.0,1.0,not_declared,,,,,0,,0,,0,False,0.8353535353535353,,
tld-6996,Autolinee Toscane - Urbano Massa e Carrara,IT,123,2775,4,60.0,60.0,1.0,1.0,not_declared,,,,,0,,0,,0,False,0.6122448979591837,,
tld-6997,Autolinee Toscane - Emg Urbano Pontedera,IT,340,2476,9,60.0,60.0,1.0,1.0,not_declared,,,,,0,,0,,0,False,0.0,,
tld-6998,Autolinee Toscane - Emg Urbano San Miniato,IT,65,733,4,60.0,60.0,1.0,1.0,not_declared,,,,,0,,0,,0,False,0.0,,
tld-7000,Autolinee Toscane - Urbano Pescia,IT,54,499,3,60.0,60.0,1.0,1.0,not_declared,,,,,0,,0,,0,False,0.0,,
tld-7004,Autolinee Toscane - Emg Extraurbano Uninone Comuni del Casentino,IT,106,1645,13,60.0,60.0,1.0,1.0,not_declared,,,,,0,,0,,0,False,,,
tld-7005,Trasporto Ferroviario Toscano,IT,60,730,12,240.0,60.0,1.0,1.0,not_declared,,,,,0,,0,,0,False,47.916666666666664,,
tld-7006,Autolinee Toscane - Urbano Intercomunale Valdarno Aretino,IT,334,6479,9,60.0,60.0,1.0,1.0,not_declared,,,,,0,,0,,0,False,1.2142857142857142,,
tld-7009,Autolinee Toscane - Emg Extraurbano Siena,IT,250,4859,16,60.0,60.0,1.0,1.0,not_declared,,,,,0,,0,,0,False,,,
tld-7010,Autolinee Toscane - Urbano Arezzo,IT,756,15190,8,60.0,60.0,1.0,1.0,not_declared,,,,,0,,0,,0,False,0.17094017094017094,,
tld-7014,Autolinee Toscane - Urbano Siena,IT,1282,24441,7,60.0,60.0,1.0,1.0,not_declared,,,,,0,,0,,0,False,2.3686770428015564,,
tld-7019,South Bend Public Transportation Corporation,US,594,14619,8,60.0,60.0,1.0,1.0,not_declared,,,,,0,,0,,0,False,0.2964426877470356,,
tld-7021,Endless Mountains Transportation Authority,US,116,1161,309,174.0,1.0,0.1533161068044789,0.4635865309318716,declared,0.5403288958496476,1.0,0.007246376811594203,distance,685,0.9854014598540146,0,,0,False,29.666666666666664,,
tld-7025,Pottstown Area Rapid Transit,US,102,798,54,245.0,2.0,0.14536340852130325,0.5622222222222222,declared,0.45555555555555555,1.0,0.03902439024390244,distance,394,1.0,0,,0,False,,,
tld-7027,Fayette Area Coordinated Transportation,US,86,948,263,180.0,1.0,0.20042194092827004,0.5202312138728323,declared,0.5067437379576107,1.0,0.053231939163498096,distance,498,0.9919678714859438,0,,0,False,,,
tld-7030,New Castle Area Transit Authority,US,269,1636,157,240.0,1.0,0.39853300733496333,0.695697796432319,declared,0.3058761804826863,1.0,0.005145797598627788,distance,580,1.0,0,,0,False,0.0,,
tld-7035,Blue Water Area Transit,US,327,4644,16,60.0,60.0,1.0,1.0,declared,0.8905334114888629,1.0,1.0,distance,0,,0,,0,False,0.7947019867549668,,
tld-7036,Decatur Public Transit System,US,626,9246,7,60.0,60.0,1.0,1.0,declared,0.8809661000672236,1.0,1.0,distance,0,,0,,0,False,0.0,,
tld-7037,High Valley Transit,US,468,5962,17,60.0,60.0,1.0,1.0,declared,0.6375232198142415,1.0,1.0,distance,0,,0,,0,False,0.0,,
tld-7038,El Metro Transit,US,759,16164,13,60.0,60.0,1.0,1.0,declared,0.8490915505380138,1.0,1.0,distance,0,,0,,0,False,1.3358490566037735,,
tld-7040,Rochester-Genesee Regional Transportation Authority,US,59,602,22,270.0,60.0,0.019933554817275746,0.0,not_declared,,,,,0,,0,,0,False,,,
tld-7045,Marquette County Transit Authority,US,117,740,19,240.0,60.0,0.9945945945945946,0.9977753058954394,declared,0.06256517205422316,0.9977753058954394,,stopcount,0,,2,0.0,0,False,0.55,,
tld-7046,Tuscaloosa Transit Authority,US,178,2375,9,60.0,60.0,1.0,1.0,not_declared,,,,,0,,0,,0,False,,,
tld-7056,AppalCART,US,502,9414,6,60.0,60.0,1.0,1.0,not_declared,,,,,0,,0,,0,False,,,
tld-7066,Eastern Band of Cherokee Indians Public Transit,US,91,1058,12,120.0,300.0,1.0,1.0,not_declared,,,,,0,,0,,0,False,0.0,,
tld-725,Systemaufgaben Kundeninformation SKI+,FR,140618,1966075,56,60.0,60.0,1.0,1.0,not_declared,,,,,0,,0,,2,True,3.3392316824378865,7.5621608565590925,False
tld-7489,Public Company Subotica-trans,RS,421,8713,6,60.0,60.0,1.0,1.0,not_declared,,,,,0,,0,,0,False,0.888268156424581,,
tld-764,Jacksonville Transportation Authority,US,1964,76963,519,55.0,1.0,0.03020932136221301,0.16864010120177103,declared,0.8635294117647059,1.0,0.03725352319006182,distance,65719,0.12331289277073601,0,,0,False,7.5380553974577875,,
tld-767,Guaguas Municipales,ES,3934,78770,7,120.0,60.0,1.0,1.0,not_declared,,,,,0,,0,,0,False,1.0016529506928327,,
tld-77,Beloit Transit System,US,109,3813,112,52.0,1.0,0.18699186991869918,0.37333333333333335,declared,0.009247027741083224,0.37333333333333335,,distance,0,,1859,0.5621301775147929,0,False,0.0,,
tld-7824,Bangor Community Connector,US,316,25,1,60.0,,1.0,1.0,declared,0.8210571306453911,1.0,,distance,0,,0,,0,False,,,
tld-7827,Cleveland Urban Area Transit System,DZ,130,975,9,180.0,60.0,1.0,1.0,not_declared,,,,,0,,0,,0,False,,,
tld-7829,Lawrence County Transit,US,140,169,17,480.0,60.0,1.0,1.0,not_declared,,,,,0,,0,,0,False,,,
tld-7846,Macon-Bibb County Transit Authority,US,356,15286,297,28.0,1.0,0.006738191809498888,0.1118206782042276,declared,0.903569832045469,1.0,0.01703300586613895,distance,13908,1.0,0,,0,False,10.720545977011495,,
tld-7875,Blaguss Agora Hungary Kft.,HU,571,10219,16,60.0,60.0,0.9805264703004208,0.9905174001104768,not_declared,,,,,0,,0,,0,False,0.36,,
tld-7899,"Weir Bros, Pickering Motors, Tranzit",NZ,160,3842,217,56.0,1.0,0.09552316501821968,0.3213572854291417,declared,0.7465069860279441,0.9980314960629921,0.09157754010695188,distance,2718,0.9698307579102281,2,1.0,0,False,10.133333333333333,,
tld-7912,"Connect - Horizons Regional Transport, Connect - Horizons Regional Transport",NZ,606,15950,201,56.0,1.0,0.07467084639498432,0.3302476556864631,declared,0.7723611445058909,0.9801954053340375,0.13868783562923184,stopcount,11067,0.048612993584530584,66,0.0,0,False,6.000036938534278,,
tld-7926,Plzeňské městské dopravní podniky a.s.,CZ,2619,41621,9,60.0,60.0,1.0,1.0,not_declared,,,,,0,,0,,1,True,1.5960280758667855,0.0,True
tld-820,Valley Transit,US,244,4123,147,63.0,1.0,0.02134368178510793,0.2679184795053813,declared,0.7320815204946187,1.0,0.0,stopcount,3197,0.05598999061620269,0,,0,False,0.21052631578947367,,
tld-829,"Vekka Liikenne Oy, Kainuun Tilausliikenne P. Jääskeläinen Ky, Oulaisten Liikenne Oy",FI,187,5635,16,60.0,30.0,0.9251109139307897,0.932529335071708,not_declared,,,,,0,,0,,0,False,,,
tld-859,Niagara Region Transit,CA,3930,66301,252,33.0,1.0,0.05702779746911811,0.22363343822528514,declared,0.7868889806495707,1.0,0.013372177185871453,distance,54525,0.1930857404860156,0,,0,False,2.2792959133431805,,
tld-881,Norwalk Transit System,US,315,13175,197,61.0,1.0,0.025806451612903226,0.18183839881393624,declared,0.8404002965159377,1.0,0.02646202699126753,distance,11037,0.9178218718854761,0,,0,False,7.487719298245613,,
tld-883,Miskolc Városi Közlekedési,HU,2262,34151,11,60.0,60.0,1.0,1.0,not_declared,,,,,0,,0,,1,True,5.9017462655165165,0.35855263157894735,True
tld-89,Chapel Hill Transit,US,1317,21642,13,60.0,60.0,1.0,1.0,declared,0.8223635918766822,1.0,1.0,distance,0,,0,,0,False,3.937612132765194,,
tld-958,Azienda Mobilità e Trasporti,IT,10684,160535,25,60.0,60.0,1.0,1.0,not_declared,,,,,0,,0,,0,False,6.902160033737185,,
tld-962,Greenway Public Transportation,US,71,2462,13,60.0,60.0,0.9817221770917953,0.9896873992910087,declared,0.8878504672897196,1.0,0.9883847549909256,stopcount,32,0.0,0,,0,False,,,
tld-98,GoDurham,US,1210,40117,225,53.0,1.0,0.024378692324949523,0.13901323589904904,declared,0.8790863116122631,1.0,0.020589044866501514,distance,35582,0.23379798774661345,0,,0,False,3.612037437870771,,
